12-Jun-2020;;;;;;;;;;;
iShares Core S&P 500 ETF;;;;;;;;;;;
Inception Date;May 15, 2000;;;;;;;;;;
Fund Holdings as of;Jun 12, 2020;;;;;;;;;;
Number of Securities (excluding cash and derivatives);505.00;;;;;;;;;;
Shares Outstanding;616,550,000.00;;;;;;;;;;
;;;;;;;;;;;
Ticker;Name;Asset Class;Weight (%);Price;Shares;Market Value;Notional Value;Sector;SEDOL;ISIN;Exchange
MSFT;MICROSOFT CORP;Equity;5,64;187,74;57 467 689,00;10 788 983 932,86;10 788 983 932,86;Information Technology;2588173;US5949181045;NASDAQ
AAPL;APPLE INC;Equity;5,58;338,80;31 462 796,00;10 659 595 284,80;10 659 595 284,80;Information Technology;2046251;US0378331005;NASDAQ
AMZN;AMAZON COM INC;Equity;4,18;2 545,02;3 137 288,00;7 984 460 705,76;7 984 460 705,76;Consumer Discretionary;2000019;US0231351067;NASDAQ
FB;FACEBOOK CLASS A INC;Equity;2,17;228,58;18 127 897,00;4 143 674 696,26;4 143 674 696,26;Communication;B7TL820;US30303M1027;NASDAQ
GOOGL;ALPHABET INC CLASS A;Equity;1,67;1 412,92;2 257 075,00;3 189 066 409,00;3 189 066 409,00;Communication;BYVY8G0;US02079K3059;NASDAQ
GOOG;ALPHABET INC CLASS C;Equity;1,66;1 413,18;2 251 539,00;3 181 829 884,02;3 181 829 884,02;Communication;BYY88Y7;US02079K1079;NASDAQ
JNJ;JOHNSON & JOHNSON;Equity;1,47;142,15;19 825 889,00;2 818 250 121,35;2 818 250 121,35;Health Care;2475833;US4781601046;New York Stock Exchange Inc.
BRKB;BERKSHIRE HATHAWAY INC CLASS B;Equity;1,40;181,21;14 734 813,00;2 670 095 463,73;2 670 095 463,73;Financials;2073390;US0846707026;New York Stock Exchange Inc.
V;VISA INC CLASS A;Equity;1,30;192,26;12 895 253,00;2 479 241 341,78;2 479 241 341,78;Information Technology;B2PZN04;US92826C8394;New York Stock Exchange Inc.
JPM;JPMORGAN CHASE & CO;Equity;1,23;99,87;23 627 093,00;2 359 637 777,91;2 359 637 777,91;Financials;2190385;US46625H1005;New York Stock Exchange Inc.
PG;PROCTER & GAMBLE;Equity;1,14;115,62;18 785 890,00;2 172 024 601,80;2 172 024 601,80;Consumer Staples;2704407;US7427181091;New York Stock Exchange Inc.
UNH;UNITEDHEALTH GROUP INC;Equity;1,06;285,15;7 136 863,00;2 035 076 484,45;2 035 076 484,45;Health Care;2917766;US91324P1021;New York Stock Exchange Inc.
HD;HOME DEPOT INC;Equity;1,04;242,45;8 217 196,00;1 992 259 170,20;1 992 259 170,20;Consumer Discretionary;2434209;US4370761029;New York Stock Exchange Inc.
MA;MASTERCARD INC CLASS A;Equity;1,04;297,79;6 687 249,00;1 991 395 879,71;1 991 395 879,71;Information Technology;B121557;US57636Q1040;New York Stock Exchange Inc.
INTC;INTEL CORPORATION CORP;Equity;1,02;59,33;32 768 380,00;1 944 147 985,40;1 944 147 985,40;Information Technology;2463247;US4581401001;NASDAQ
VZ;VERIZON COMMUNICATIONS INC;Equity;0,92;56,53;31 154 845,00;1 761 183 387,85;1 761 183 387,85;Communication;2090571;US92343V1044;New York Stock Exchange Inc.
T;AT&T INC;Equity;0,88;30,50;55 028 519,00;1 678 369 829,50;1 678 369 829,50;Communication;2831811;US00206R1023;New York Stock Exchange Inc.
NVDA;NVIDIA CORP;Equity;0,86;357,30;4 610 172,00;1 647 214 455,60;1 647 214 455,60;Information Technology;2379504;US67066G1040;NASDAQ
DIS;WALT DISNEY;Equity;0,82;115,49;13 577 476,00;1 568 062 703,24;1 568 062 703,24;Communication;2270726;US2546871060;New York Stock Exchange Inc.
BAC;BANK OF AMERICA CORP;Equity;0,79;24,78;60 984 026,00;1 511 184 164,28;1 511 184 164,28;Financials;2295677;US0605051046;New York Stock Exchange Inc.
XOM;EXXON MOBIL CORP;Equity;0,79;47,17;31 872 883,00;1 503 443 891,11;1 503 443 891,11;Energy;2326618;US30231G1022;New York Stock Exchange Inc.
ADBE;ADOBE INC;Equity;0,78;406,54;3 646 543,00;1 482 465 591,22;1 482 465 591,22;Information Technology;2008154;US00724F1012;NASDAQ
MRK;MERCK & CO INC;Equity;0,77;76,30;19 178 872,00;1 463 347 933,60;1 463 347 933,60;Health Care;2778844;US58933Y1055;New York Stock Exchange Inc.
CSCO;CISCO SYSTEMS INC;Equity;0,75;45,07;31 956 946,00;1 440 299 556,22;1 440 299 556,22;Information Technology;2198163;US17275R1023;NASDAQ
PFE;PFIZER INC;Equity;0,74;33,75;41 688 485,00;1 406 986 368,75;1 406 986 368,75;Health Care;2684703;US7170811035;New York Stock Exchange Inc.
NFLX;NETFLIX INC;Equity;0,72;418,07;3 301 361,00;1 380 199 993,27;1 380 199 993,27;Communication;2857817;US64110L1061;NASDAQ
PYPL;PAYPAL HOLDINGS INC;Equity;0,72;155,26;8 845 209,00;1 373 307 149,34;1 373 307 149,34;Information Technology;BYW36M8;US70450Y1038;NASDAQ
PEP;PEPSICO INC;Equity;0,71;129,00;10 504 260,00;1 355 049 540,00;1 355 049 540,00;Consumer Staples;2681511;US7134481081;NASDAQ
CMCSA;COMCAST CORP CLASS A;Equity;0,71;39,46;34 198 331,00;1 349 466 141,26;1 349 466 141,26;Communication;2044545;US20030N1019;NASDAQ
KO;COCA-COLA;Equity;0,69;45,60;29 047 506,00;1 324 566 273,60;1 324 566 273,60;Consumer Staples;2206657;US1912161007;New York Stock Exchange Inc.
CVX;CHEVRON CORP;Equity;0,69;92,39;14 243 935,00;1 315 997 154,65;1 315 997 154,65;Energy;2838555;US1667641005;New York Stock Exchange Inc.
WMT;WALMART INC;Equity;0,66;117,74;10 686 234,00;1 258 197 191,16;1 258 197 191,16;Consumer Staples;2936921;US9311421039;New York Stock Exchange Inc.
ABBV;ABBVIE INC;Equity;0,64;92,46;13 287 657,00;1 228 576 766,22;1 228 576 766,22;Health Care;B92SR70;US00287Y1091;New York Stock Exchange Inc.
ABT;ABBOTT LABORATORIES;Equity;0,62;89,02;13 313 759,00;1 185 190 826,18;1 185 190 826,18;Health Care;2002305;US0028241000;New York Stock Exchange Inc.
CRM;SALESFORCE.COM INC;Equity;0,61;175,11;6 682 267,00;1 170 131 774,37;1 170 131 774,37;Information Technology;2310525;US79466L3024;New York Stock Exchange Inc.
MCD;MCDONALDS CORP;Equity;0,56;189,17;5 674 723,00;1 073 487 349,91;1 073 487 349,91;Consumer Discretionary;2550707;US5801351017;New York Stock Exchange Inc.
TMO;THERMO FISHER SCIENTIFIC INC;Equity;0,54;339,76;3 021 647,00;1 026 634 784,72;1 026 634 784,72;Health Care;2886907;US8835561023;New York Stock Exchange Inc.
COST;COSTCO WHOLESALE CORP;Equity;0,52;298,70;3 329 027,00;994 380 364,90;994 380 364,90;Consumer Staples;2701271;US22160K1051;NASDAQ
BMY;BRISTOL MYERS SQUIBB;Equity;0,52;56,17;17 662 518,00;992 103 636,06;992 103 636,06;Health Care;2126335;US1101221083;New York Stock Exchange Inc.
AMGN;AMGEN INC;Equity;0,51;217,90;4 477 171,00;975 575 560,90;975 575 560,90;Health Care;2023607;US0311621009;NASDAQ
ACN;ACCENTURE PLC CLASS A;Equity;0,50;201,59;4 786 502,00;964 910 938,18;964 910 938,18;Information Technology;B4BNMY3;IE00B4BNMY34;New York Stock Exchange Inc.
MDT;MEDTRONIC PLC;Equity;0,49;93,21;10 100 561,00;941 473 290,81;941 473 290,81;Health Care;BTN1Y11;IE00BTN1Y115;New York Stock Exchange Inc.
LLY;ELI LILLY;Equity;0,48;143,54;6 367 254,00;913 955 639,16;913 955 639,16;Health Care;2516152;US5324571083;New York Stock Exchange Inc.
NEE;NEXTERA ENERGY INC;Equity;0,48;246,91;3 684 417,00;909 719 401,47;909 719 401,47;Utilities;2328915;US65339F1012;New York Stock Exchange Inc.
NKE;NIKE INC CLASS B;Equity;0,47;96,43;9 390 386,00;905 514 921,98;905 514 921,98;Consumer Discretionary;2640147;US6541061031;New York Stock Exchange Inc.
AVGO;BROADCOM INC;Equity;0,47;300,25;2 990 337,00;897 848 684,25;897 848 684,25;Information Technology;BDZ78H9;US11135F1012;NASDAQ
TXN;TEXAS INSTRUMENT INC;Equity;0,46;123,97;7 047 114,00;873 630 722,58;873 630 722,58;Information Technology;2885409;US8825081040;NASDAQ
UNP;UNION PACIFIC CORP;Equity;0,45;166,18;5 233 202,00;869 653 508,36;869 653 508,36;Industrials;2914734;US9078181081;New York Stock Exchange Inc.
AMT;AMERICAN TOWER REIT CORP;Equity;0,45;258,08;3 339 416,00;861 836 481,28;861 836 481,28;Real Estate;B7FBFL2;US03027X1000;New York Stock Exchange Inc.
C;CITIGROUP INC;Equity;0,45;52,25;16 461 095,00;860 092 213,75;860 092 213,75;Financials;2297907;US1729674242;New York Stock Exchange Inc.
ORCL;ORACLE CORP;Equity;0,44;51,86;16 329 845,00;846 865 761,70;846 865 761,70;Information Technology;2661568;US68389X1054;New York Stock Exchange Inc.
PM;PHILIP MORRIS INTERNATIONAL INC;Equity;0,43;70,42;11 728 442,00;825 916 885,64;825 916 885,64;Consumer Staples;B2PKRQ3;US7181721090;New York Stock Exchange Inc.
LIN;LINDE PLC;Equity;0,43;201,94;4 050 279,00;817 913 341,26;817 913 341,26;Materials;BZ12WP8;IE00BZ12WP82;New York Stock Exchange Inc.
IBM;INTERNATIONAL BUSINESS MACHINES CO;Equity;0,43;121,91;6 676 468,00;813 928 213,88;813 928 213,88;Information Technology;2005973;US4592001014;New York Stock Exchange Inc.
WFC;WELLS FARGO;Equity;0,42;27,97;29 021 322,00;811 726 376,34;811 726 376,34;Financials;2649100;US9497461015;New York Stock Exchange Inc.
DHR;DANAHER CORP;Equity;0,42;168,38;4 740 112,00;798 140 058,56;798 140 058,56;Health Care;2250870;US2358511028;New York Stock Exchange Inc.
HON;HONEYWELL INTERNATIONAL INC;Equity;0,41;144,51;5 387 937,00;778 610 775,87;778 610 775,87;Industrials;2020459;US4385161066;New York Stock Exchange Inc.
BA;BOEING;Equity;0,40;189,51;4 021 547,00;762 123 371,97;762 123 371,97;Industrials;2108601;US0970231058;New York Stock Exchange Inc.
QCOM;QUALCOMM INC;Equity;0,38;85,24;8 611 471,00;734 041 788,04;734 041 788,04;Information Technology;2714923;US7475251036;NASDAQ
LOW;LOWES COMPANIES INC;Equity;0,38;126,05;5 781 319,00;728 735 259,95;728 735 259,95;Consumer Discretionary;2536763;US5486611073;New York Stock Exchange Inc.
RTX;RAYTHEON TECHNOLOGIES CORP;Equity;0,38;65,37;11 065 636,00;723 360 625,32;723 360 625,32;Industrials;BM5M5Y3;US75513E1010;New York Stock Exchange Inc.
LMT;LOCKHEED MARTIN CORP;Equity;0,37;381,87;1 871 948,00;714 840 782,76;714 840 782,76;Industrials;2522096;US5398301094;New York Stock Exchange Inc.
GILD;GILEAD SCIENCES INC;Equity;0,37;73,20;9 539 820,00;698 314 824,00;698 314 824,00;Health Care;2369174;US3755581036;NASDAQ
SBUX;STARBUCKS CORP;Equity;0,36;76,38;8 906 740,00;680 296 801,20;680 296 801,20;Consumer Discretionary;2842255;US8552441094;NASDAQ
MMM;3M;Equity;0,35;154,87;4 337 706,00;671 780 528,22;671 780 528,22;Industrials;2595708;US88579Y1010;New York Stock Exchange Inc.
FIS;FIDELITY NATIONAL INFORMATION SERV;Equity;0,33;137,08;4 622 881,00;633 704 527,48;633 704 527,48;Information Technology;2769796;US31620M1062;New York Stock Exchange Inc.
CVS;CVS HEALTH CORP;Equity;0,33;64,15;9 785 604,00;627 746 496,60;627 746 496,60;Health Care;2577609;US1266501006;New York Stock Exchange Inc.
CHTR;CHARTER COMMUNICATIONS INC CLASS A;Equity;0,32;522,57;1 179 319,00;616 276 729,83;616 276 729,83;Communication;BZ6VT82;US16119P1084;NASDAQ
BLK;BLACKROCK INC;Equity;0,32;527,04;1 146 954,00;604 490 636,16;604 490 636,16;Financials;2494504;US09247X1019;New York Stock Exchange Inc.
SPGI;S&P GLOBAL INC;Equity;0,31;316,91;1 843 258,00;584 146 892,78;584 146 892,78;Financials;BYV2325;US78409V1044;New York Stock Exchange Inc.
MO;ALTRIA GROUP INC;Equity;0,29;39,13;14 051 662,00;549 841 534,06;549 841 534,06;Consumer Staples;2692632;US02209S1033;New York Stock Exchange Inc.
INTU;INTUIT INC;Equity;0,29;280,68;1 957 961,00;549 560 493,48;549 560 493,48;Information Technology;2459020;US4612021034;NASDAQ
MDLZ;MONDELEZ INTERNATIONAL INC CLASS A;Equity;0,29;50,73;10 830 057,00;549 408 791,61;549 408 791,61;Consumer Staples;B8CKK03;US6092071058;NASDAQ
NOW;SERVICENOW INC;Equity;0,29;385,13;1 418 592,00;546 342 336,96;546 342 336,96;Information Technology;B80NXX8;US81762P1021;New York Stock Exchange Inc.
UPS;UNITED PARCEL SERVICE INC CLASS B;Equity;0,28;101,48;5 270 932,00;534 894 179,36;534 894 179,36;Industrials;2517382;US9113121068;New York Stock Exchange Inc.
CI;CIGNA CORP;Equity;0,28;190,02;2 808 820,00;533 731 976,40;533 731 976,40;Health Care;BHJ0775;US1255231003;New York Stock Exchange Inc.
PLD;PROLOGIS REIT INC;Equity;0,27;94,46;5 550 738,00;524 322 711,48;524 322 711,48;Real Estate;B44WZD7;US74340W1036;New York Stock Exchange Inc.
VRTX;VERTEX PHARMACEUTICALS INC;Equity;0,27;268,56;1 934 082,00;519 417 061,92;519 417 061,92;Health Care;2931034;US92532F1003;NASDAQ
D;DOMINION ENERGY INC;Equity;0,27;83,15;6 191 178,00;514 796 450,70;514 796 450,70;Utilities;2542049;US25746U1097;New York Stock Exchange Inc.
CCI;CROWN CASTLE INTERNATIONAL REIT CO;Equity;0,27;164,37;3 127 328,00;514 038 903,36;514 038 903,36;Real Estate;BTGQCX1;US22822V1017;New York Stock Exchange Inc.
AXP;AMERICAN EXPRESS;Equity;0,27;101,68;5 046 248,00;513 102 496,64;513 102 496,64;Financials;2026082;US0258161092;New York Stock Exchange Inc.
BDX;BECTON DICKINSON;Equity;0,27;230,88;2 220 611,00;512 694 667,68;512 694 667,68;Health Care;2087807;US0758871091;New York Stock Exchange Inc.
CAT;CATERPILLAR INC;Equity;0,27;123,15;4 156 993,00;511 933 687,95;511 933 687,95;Industrials;2180201;US1491231015;New York Stock Exchange Inc.
BKNG;BOOKING HOLDINGS INC;Equity;0,27;1 623,92;314 808,00;511 223 007,36;511 223 007,36;Consumer Discretionary;BDRXDB4;US09857L1089;NASDAQ
ANTM;ANTHEM INC;Equity;0,27;265,74;1 906 653,00;506 673 968,22;506 673 968,22;Health Care;BSPHGL4;US0367521038;New York Stock Exchange Inc.
ISRG;INTUITIVE SURGICAL INC;Equity;0,25;558,41;868 942,00;485 225 902,22;485 225 902,22;Health Care;2871301;US46120E6023;NASDAQ
GS;GOLDMAN SACHS GROUP INC;Equity;0,25;201,78;2 395 954,00;483 455 598,12;483 455 598,12;Financials;2407966;US38141G1040;New York Stock Exchange Inc.
ZTS;ZOETIS INC CLASS A;Equity;0,25;134,07;3 582 601,00;480 319 316,07;480 319 316,07;Health Care;B95WG16;US98978V1035;New York Stock Exchange Inc.
ADP;AUTOMATIC DATA PROCESSING INC;Equity;0,25;147,01;3 254 644,00;478 465 214,44;478 465 214,44;Information Technology;2065308;US0530151036;NASDAQ
TJX;TJX INC;Equity;0,25;52,46;9 119 410,00;478 404 248,60;478 404 248,60;Consumer Discretionary;2989301;US8725401090;New York Stock Exchange Inc.
GE;GENERAL ELECTRIC;Equity;0,25;7,25;65 692 029,00;476 267 210,25;476 267 210,25;Industrials;2380498;US3696041033;New York Stock Exchange Inc.
DUK;DUKE ENERGY CORP;Equity;0,25;86,74;5 483 408,00;475 630 809,92;475 630 809,92;Utilities;B7VD3F2;US26441C2044;New York Stock Exchange Inc.
CME;CME GROUP INC CLASS A;Equity;0,25;174,72;2 695 512,00;470 959 856,64;470 959 856,64;Financials;2965839;US12572Q1058;NASDAQ
AMD;ADVANCED MICRO DEVICES INC;Equity;0,25;53,50;8 797 966,00;470 691 181,00;470 691 181,00;Information Technology;2007849;US0079031078;NASDAQ
CL;COLGATE-PALMOLIVE;Equity;0,25;72,79;6 446 519,00;469 242 118,01;469 242 118,01;Consumer Staples;2209106;US1941621039;New York Stock Exchange Inc.
SYK;STRYKER CORP;Equity;0,24;187,79;2 429 935,00;456 317 493,65;456 317 493,65;Health Care;2853688;US8636671013;New York Stock Exchange Inc.
EQIX;EQUINIX REIT INC;Equity;0,24;676,64;664 231,00;449 445 263,84;449 445 263,84;Real Estate;BVLZX12;US29444U7000;NASDAQ
REGN;REGENERON PHARMACEUTICALS INC;Equity;0,23;588,39;759 221,00;446 718 044,19;446 718 044,19;Health Care;2730190;US75886F1075;NASDAQ
TGT;TARGET CORP;Equity;0,23;116,90;3 811 388,00;445 551 257,20;445 551 257,20;Consumer Discretionary;2259101;US87612E1064;New York Stock Exchange Inc.
SO;SOUTHERN;Equity;0,23;56,17;7 887 153,00;443 021 384,01;443 021 384,01;Utilities;2829601;US8425871071;New York Stock Exchange Inc.
FISV;FISERV INC;Equity;0,23;100,34;4 294 538,00;430 913 942,92;430 913 942,92;Information Technology;2342034;US3377381088;NASDAQ
CB;CHUBB LTD;Equity;0,22;125,69;3 413 615,00;429 057 269,35;429 057 269,35;Financials;B3BQMF6;CH0044328745;New York Stock Exchange Inc.
XTSLA;BLK CSH FND TREASURY SL AGENCY;Money Market;0,22;1,00;427 781 000,00;427 781 000,00;427 781 000,00;Cash and/or Derivatives;--;US0669224778;--
ATVI;ACTIVISION BLIZZARD INC;Equity;0,22;71,68;5 776 683,00;414 072 637,44;414 072 637,44;Communication;2575818;US00507V1098;NASDAQ
CSX;CSX CORP;Equity;0,21;69,57;5 869 976,00;408 374 230,32;408 374 230,32;Industrials;2160753;US1264081035;NASDAQ
MS;MORGAN STANLEY;Equity;0,21;46,28;8 762 581,00;405 532 248,68;405 532 248,68;Financials;2262314;US6174464486;New York Stock Exchange Inc.
MU;MICRON TECHNOLOGY INC;Equity;0,21;48,69;8 323 328,00;405 262 840,32;405 262 840,32;Information Technology;2588184;US5951121038;NASDAQ
GPN;GLOBAL PAYMENTS INC;Equity;0,21;178,58;2 268 001,00;405 019 618,58;405 019 618,58;Information Technology;2712013;US37940X1028;New York Stock Exchange Inc.
USB;US BANCORP;Equity;0,21;37,51;10 683 998,00;400 756 764,98;400 756 764,98;Financials;2736035;US9029733048;New York Stock Exchange Inc.
TFC;TRUIST FINANCIAL CORP;Equity;0,21;39,47;10 123 052,00;399 556 862,44;399 556 862,44;Financials;BKP7287;US89832Q1094;New York Stock Exchange Inc.
MMC;MARSH & MCLENNAN INC;Equity;0,21;104,34;3 795 961,00;396 070 570,74;396 070 570,74;Financials;2567741;US5717481023;New York Stock Exchange Inc.
AMAT;APPLIED MATERIAL INC;Equity;0,21;56,55;6 943 779,00;392 670 702,45;392 670 702,45;Information Technology;2046552;US0382221051;NASDAQ
ICE;INTERCONTINENTAL EXCHANGE INC;Equity;0,20;93,26;4 188 166,00;390 588 361,16;390 588 361,16;Financials;BFSSDS9;US45866F1049;New York Stock Exchange Inc.
APD;AIR PRODUCTS AND CHEMICALS INC;Equity;0,20;235,04;1 656 678,00;389 385 597,12;389 385 597,12;Materials;2011602;US0091581068;New York Stock Exchange Inc.
ECL;ECOLAB INC;Equity;0,20;204,06;1 862 816,00;380 126 232,96;380 126 232,96;Materials;2304227;US2788651006;New York Stock Exchange Inc.
BIIB;BIOGEN INC;Equity;0,20;279,27;1 357 227,00;379 032 784,29;379 032 784,29;Health Care;2455965;US09062X1037;NASDAQ
HUM;HUMANA INC;Equity;0,20;378,72;999 927,00;378 692 353,44;378 692 353,44;Health Care;2445063;US4448591028;New York Stock Exchange Inc.
ILMN;ILLUMINA INC;Equity;0,20;341,61;1 105 506,00;377 651 904,66;377 651 904,66;Health Care;2613990;US4523271090;NASDAQ
NOC;NORTHROP GRUMMAN CORP;Equity;0,20;317,68;1 178 915,00;374 517 717,20;374 517 717,20;Industrials;2648806;US6668071029;New York Stock Exchange Inc.
BSX;BOSTON SCIENTIFIC CORP;Equity;0,19;35,35;10 519 201,00;371 853 755,35;371 853 755,35;Health Care;2113434;US1011371077;New York Stock Exchange Inc.
ADSK;AUTODESK INC;Equity;0,19;222,96;1 661 814,00;370 518 049,44;370 518 049,44;Information Technology;2065159;US0527691069;NASDAQ
DE;DEERE;Equity;0,19;154,97;2 365 346,00;366 557 669,62;366 557 669,62;Industrials;2261203;US2441991054;New York Stock Exchange Inc.
PNC;PNC FINANCIAL SERVICES GROUP INC;Equity;0,19;110,76;3 291 261,00;364 540 068,36;364 540 068,36;Financials;2692665;US6934751057;New York Stock Exchange Inc.
ITW;ILLINOIS TOOL INC;Equity;0,19;164,94;2 198 943,00;362 693 658,42;362 693 658,42;Industrials;2457552;US4523081093;New York Stock Exchange Inc.
COP;CONOCOPHILLIPS;Equity;0,19;43,73;8 285 491,00;362 324 521,43;362 324 521,43;Energy;2685717;US20825C1045;New York Stock Exchange Inc.
DG;DOLLAR GENERAL CORP;Equity;0,19;184,00;1 922 878,00;353 809 552,00;353 809 552,00;Consumer Discretionary;B5B1S13;US2566771059;New York Stock Exchange Inc.
NSC;NORFOLK SOUTHERN CORP;Equity;0,18;178,18;1 967 648,00;350 595 520,64;350 595 520,64;Industrials;2641894;US6558441084;New York Stock Exchange Inc.
KMB;KIMBERLY CLARK CORP;Equity;0,18;135,94;2 578 488,00;350 519 658,72;350 519 658,72;Consumer Staples;2491839;US4943681035;New York Stock Exchange Inc.
NEM;NEWMONT;Equity;0,18;55,45;6 186 768,00;343 056 285,60;343 056 285,60;Materials;2636607;US6516391066;New York Stock Exchange Inc.
SHW;SHERWIN WILLIAMS;Equity;0,18;547,62;620 240,00;339 655 828,80;339 655 828,80;Materials;2804211;US8243481061;New York Stock Exchange Inc.
PGR;PROGRESSIVE CORP;Equity;0,18;76,60;4 393 817,00;336 566 382,20;336 566 382,20;Financials;2705024;US7433151039;New York Stock Exchange Inc.
ADI;ANALOG DEVICES INC;Equity;0,17;118,41;2 770 260,00;328 026 486,60;328 026 486,60;Information Technology;2032067;US0326541051;NASDAQ
MCO;MOODYS CORP;Equity;0,17;266,98;1 221 318,00;326 067 479,64;326 067 479,64;Financials;2252058;US6153691059;New York Stock Exchange Inc.
BAX;BAXTER INTERNATIONAL INC;Equity;0,17;83,97;3 840 285,00;322 468 731,45;322 468 731,45;Health Care;2085102;US0718131099;New York Stock Exchange Inc.
LHX;L3HARRIS TECHNOLOGIES INC;Equity;0,17;193,15;1 664 956,00;321 586 251,40;321 586 251,40;Industrials;BK9DTN5;US5024311095;New York Stock Exchange Inc.
EW;EDWARDS LIFESCIENCES CORP;Equity;0,17;67,98;4 723 563,00;321 107 812,74;321 107 812,74;Health Care;2567116;US28176E1082;New York Stock Exchange Inc.
AON;AON PLC CLASS A;Equity;0,17;181,95;1 761 564,00;320 516 569,80;320 516 569,80;Financials;BLP1HW5;IE00BLP1HW54;New York Stock Exchange Inc.
EL;ESTEE LAUDER INC CLASS A;Equity;0,17;191,38;1 670 957,00;319 787 750,66;319 787 750,66;Consumer Staples;2320524;US5184391044;New York Stock Exchange Inc.
SCHW;CHARLES SCHWAB CORP;Equity;0,17;36,56;8 633 831,00;315 652 861,36;315 652 861,36;Financials;2779397;US8085131055;New York Stock Exchange Inc.
LRCX;LAM RESEARCH CORP;Equity;0,16;284,52;1 095 123,00;311 584 395,96;311 584 395,96;Information Technology;2502247;US5128071082;NASDAQ
ROP;ROPER TECHNOLOGIES INC;Equity;0,16;389,81;782 719,00;305 111 693,39;305 111 693,39;Industrials;2749602;US7766961061;New York Stock Exchange Inc.
WM;WASTE MANAGEMENT INC;Equity;0,16;103,89;2 931 432,00;304 546 470,48;304 546 470,48;Industrials;2937667;US94106L1098;New York Stock Exchange Inc.
AEP;AMERICAN ELECTRIC POWER INC;Equity;0,16;81,80;3 710 071,00;303 483 807,80;303 483 807,80;Utilities;2026242;US0255371017;New York Stock Exchange Inc.
TMUS;T MOBILE US INC;Equity;0,15;102,31;2 862 585,00;292 871 071,35;292 871 071,35;Communication;B94Q9V0;US8725901040;NASDAQ
DD;DUPONT DE NEMOURS INC;Equity;0,15;51,01;5 568 095,00;284 028 525,95;284 028 525,95;Materials;BK0VN47;US26614N1028;New York Stock Exchange Inc.
EMR;EMERSON ELECTRIC;Equity;0,15;61,35;4 590 456,00;281 624 475,60;281 624 475,60;Industrials;2313405;US2910111044;New York Stock Exchange Inc.
EXC;EXELON CORP;Equity;0,15;37,91;7 343 195,00;278 380 522,45;278 380 522,45;Utilities;2670519;US30161N1019;NASDAQ
EBAY;EBAY INC;Equity;0,14;47,66;5 773 971,00;275 187 457,86;275 187 457,86;Consumer Discretionary;2293819;US2786421030;NASDAQ
GIS;GENERAL MILLS INC;Equity;0,14;60,15;4 567 500,00;274 735 125,00;274 735 125,00;Consumer Staples;2367026;US3703341046;New York Stock Exchange Inc.
CNC;CENTENE CORP;Equity;0,14;61,94;4 391 265,00;271 994 954,10;271 994 954,10;Health Care;2807061;US15135B1017;New York Stock Exchange Inc.
DLR;DIGITAL REALTY TRUST REIT INC;Equity;0,14;136,00;1 983 342,00;269 734 512,00;269 734 512,00;Real Estate;B03GQS4;US2538681030;New York Stock Exchange Inc.
EA;ELECTRONIC ARTS INC;Equity;0,14;121,97;2 205 984,00;269 063 868,48;269 063 868,48;Communication;2310194;US2855121099;NASDAQ
ETN;EATON PLC;Equity;0,14;86,01;3 121 539,00;268 483 569,39;268 483 569,39;Industrials;B8KQN82;IE00B8KQN827;New York Stock Exchange Inc.
GM;GENERAL MOTORS;Equity;0,14;27,96;9 500 155,00;265 624 333,80;265 624 333,80;Consumer Discretionary;B665KZ5;US37045V1008;New York Stock Exchange Inc.
SRE;SEMPRA ENERGY;Equity;0,14;124,05;2 128 708,00;264 066 227,40;264 066 227,40;Utilities;2138158;US8168511090;New York Stock Exchange Inc.
GD;GENERAL DYNAMICS CORP;Equity;0,14;149,20;1 769 607,00;264 025 364,40;264 025 364,40;Industrials;2365161;US3695501086;New York Stock Exchange Inc.
PSX;PHILLIPS;Equity;0,14;77,26;3 349 990,00;258 820 227,40;258 820 227,40;Energy;B78C4Y8;US7185461040;New York Stock Exchange Inc.
USD;USD CASH;Cash;0,14;100,00;258 504 854,00;258 504 854,40;258 504 854,40;Cash and/or Derivatives;--;--;--
DXCM;DEXCOM INC;Equity;0,13;370,23;687 186,00;254 416 872,78;254 416 872,78;Health Care;B0796X4;US2521311074;NASDAQ
SBAC;SBA COMMUNICATIONS REIT CORP CLASS;Equity;0,13;297,37;849 591,00;252 642 875,67;252 642 875,67;Real Estate;BZ6TS23;US78410G1040;NASDAQ
ROST;ROSS STORES INC;Equity;0,13;92,48;2 716 111,00;251 185 945,28;251 185 945,28;Consumer Discretionary;2746711;US7782961038;NASDAQ
XEL;XCEL ENERGY INC;Equity;0,13;63,65;3 944 322,00;251 056 095,30;251 056 095,30;Utilities;2614807;US98389B1008;NASDAQ
COF;CAPITAL ONE FINANCIAL CORP;Equity;0,13;70,63;3 509 872,00;247 902 259,36;247 902 259,36;Financials;2654461;US14040H1059;New York Stock Exchange Inc.
BK;BANK OF NEW YORK MELLON CORP;Equity;0,13;38,44;6 336 444,00;243 572 907,36;243 572 907,36;Financials;B1Z77F6;US0640581007;New York Stock Exchange Inc.
FDX;FEDEX CORP;Equity;0,13;132,72;1 805 497,00;239 625 561,84;239 625 561,84;Industrials;2142784;US31428X1063;New York Stock Exchange Inc.
ORLY;OREILLY AUTOMOTIVE INC;Equity;0,12;410,35;570 743,00;234 204 390,05;234 204 390,05;Consumer Discretionary;B65LWX6;US67103H1077;NASDAQ
ALL;ALLSTATE CORP;Equity;0,12;95,70;2 446 126,00;234 094 258,20;234 094 258,20;Financials;2019952;US0200021014;New York Stock Exchange Inc.
WBA;WALGREEN BOOTS ALLIANCE INC;Equity;0,12;41,40;5 652 672,00;234 020 620,80;234 020 620,80;Consumer Staples;BTN1Y44;US9314271084;NASDAQ
EOG;EOG RESOURCES INC;Equity;0,12;52,57;4 393 206,00;230 950 839,42;230 950 839,42;Energy;2318024;US26875P1012;New York Stock Exchange Inc.
DOW;DOW INC;Equity;0,12;41,23;5 568 223,00;229 577 834,29;229 577 834,29;Materials;BHXCF84;US2605571031;New York Stock Exchange Inc.
KMI;KINDER MORGAN INC;Equity;0,12;15,50;14 709 341,00;227 994 785,50;227 994 785,50;Energy;B3NQ4P8;US49456B1017;New York Stock Exchange Inc.
CTSH;COGNIZANT TECHNOLOGY SOLUTIONS COR;Equity;0,12;54,80;4 120 284,00;225 791 563,20;225 791 563,20;Information Technology;2257019;US1924461023;NASDAQ
PSA;PUBLIC STORAGE REIT;Equity;0,12;196,47;1 134 189,00;222 834 112,83;222 834 112,83;Real Estate;2852533;US74460D1090;New York Stock Exchange Inc.
MET;METLIFE INC;Equity;0,12;37,45;5 902 355,00;221 043 194,75;221 043 194,75;Financials;2573209;US59156R1086;New York Stock Exchange Inc.
KLAC;KLA CORP;Equity;0,12;184,69;1 191 494,00;220 057 026,86;220 057 026,86;Information Technology;2480138;US4824801009;NASDAQ
TRV;TRAVELERS COMPANIES INC;Equity;0,11;113,33;1 936 202,00;219 429 772,66;219 429 772,66;Financials;2769503;US89417E1091;New York Stock Exchange Inc.
AIG;AMERICAN INTERNATIONAL GROUP INC;Equity;0,11;33,04;6 569 384,00;217 052 447,36;217 052 447,36;Financials;2027342;US0268747849;New York Stock Exchange Inc.
WEC;WEC ENERGY GROUP INC;Equity;0,11;90,31;2 381 980,00;215 116 613,80;215 116 613,80;Utilities;BYY8XK8;US92939U1060;New York Stock Exchange Inc.
STZ;CONSTELLATION BRANDS INC CLASS A;Equity;0,11;170,28;1 259 877,00;214 531 855,56;214 531 855,56;Consumer Staples;2170473;US21036P1084;New York Stock Exchange Inc.
TROW;T ROWE PRICE GROUP INC;Equity;0,11;120,93;1 753 654,00;212 069 378,22;212 069 378,22;Financials;2702337;US74144T1088;NASDAQ
APH;AMPHENOL CORP CLASS A;Equity;0,11;95,01;2 230 117,00;211 883 416,17;211 883 416,17;Information Technology;2145084;US0320951017;New York Stock Exchange Inc.
INFO;IHS MARKIT LTD;Equity;0,11;69,81;3 030 808,00;211 580 706,48;211 580 706,48;Industrials;BD0Q558;BMG475671050;New York Stock Exchange Inc.
SYY;SYSCO CORP;Equity;0,11;54,26;3 834 559,00;208 063 171,34;208 063 171,34;Consumer Staples;2868165;US8718291078;New York Stock Exchange Inc.
YUM;YUM BRANDS INC;Equity;0,11;91,28;2 276 962,00;207 841 091,36;207 841 091,36;Consumer Discretionary;2098876;US9884981013;New York Stock Exchange Inc.
ES;EVERSOURCE ENERGY;Equity;0,11;84,31;2 432 279,00;205 065 442,49;205 065 442,49;Utilities;BVVN4Q8;US30040W1080;New York Stock Exchange Inc.
MSCI;MSCI INC;Equity;0,11;320,95;637 157,00;204 495 539,15;204 495 539,15;Financials;B2972D2;US55354G1004;New York Stock Exchange Inc.
AFL;AFLAC INC;Equity;0,11;36,64;5 542 593,00;203 080 607,52;203 080 607,52;Financials;2026361;US0010551028;New York Stock Exchange Inc.
SNPS;SYNOPSYS INC;Equity;0,11;179,60;1 128 364,00;202 654 174,40;202 654 174,40;Information Technology;2867719;US8716071076;NASDAQ
A;AGILENT TECHNOLOGIES INC;Equity;0,11;86,11;2 340 356,00;201 528 055,16;201 528 055,16;Health Care;2520153;US00846U1016;New York Stock Exchange Inc.
JCI;JOHNSON CONTROLS INTERNATIONAL PLC;Equity;0,10;34,45;5 824 456,00;200 652 509,20;200 652 509,20;Industrials;BY7QL61;IE00BY7QL619;New York Stock Exchange Inc.
VRSK;VERISK ANALYTICS INC;Equity;0,10;162,67;1 232 574,00;200 502 812,58;200 502 812,58;Industrials;B4P9W92;US92345Y1064;NASDAQ
HCA;HCA HEALTHCARE INC;Equity;0,10;100,55;1 989 950,00;200 089 472,50;200 089 472,50;Health Care;B4MGBG6;US40412C1018;New York Stock Exchange Inc.
SLB;SCHLUMBERGER NV;Equity;0,10;19,00;10 454 090,00;198 627 710,00;198 627 710,00;Energy;2779201;AN8068571086;New York Stock Exchange Inc.
AZO;AUTOZONE INC;Equity;0,10;1 100,51;179 880,00;197 959 738,80;197 959 738,80;Consumer Discretionary;2065955;US0533321024;New York Stock Exchange Inc.
VLO;VALERO ENERGY CORP;Equity;0,10;63,79;3 094 525,00;197 399 749,75;197 399 749,75;Energy;2041364;US91913Y1001;New York Stock Exchange Inc.
TEL;TE CONNECTIVITY LTD;Equity;0,10;78,59;2 511 183,00;197 353 871,97;197 353 871,97;Information Technology;B62B7C3;CH0102993182;New York Stock Exchange Inc.
MNST;MONSTER BEVERAGE CORP;Equity;0,10;68,30;2 882 571,00;196 879 599,30;196 879 599,30;Consumer Staples;BZ07BW4;US61174X1090;NASDAQ
TWTR;TWITTER INC;Equity;0,10;33,40;5 862 796,00;195 817 386,40;195 817 386,40;Communication;BFLR866;US90184L1026;New York Stock Exchange Inc.
IDXX;IDEXX LABORATORIES INC;Equity;0,10;302,83;645 256,00;195 402 874,48;195 402 874,48;Health Care;2459202;US45168D1046;NASDAQ
KR;KROGER;Equity;0,10;32,26;6 056 473,00;195 381 818,98;195 381 818,98;Consumer Staples;2497406;US5010441013;New York Stock Exchange Inc.
CLX;CLOROX;Equity;0,10;205,12;947 593,00;194 370 276,16;194 370 276,16;Consumer Staples;2204026;US1890541097;New York Stock Exchange Inc.
ZBH;ZIMMER BIOMET HOLDINGS INC;Equity;0,10;125,19;1 544 380,00;193 340 932,20;193 340 932,20;Health Care;2783815;US98956P1021;New York Stock Exchange Inc.
CMI;CUMMINS INC;Equity;0,10;167,08;1 156 734,00;193 267 116,72;193 267 116,72;Industrials;2240202;US2310211063;New York Stock Exchange Inc.
PRU;PRUDENTIAL FINANCIAL INC;Equity;0,10;63,16;3 043 538,00;192 229 860,08;192 229 860,08;Financials;2819118;US7443201022;New York Stock Exchange Inc.
CMG;CHIPOTLE MEXICAN GRILL INC;Equity;0,10;991,83;193 477,00;191 896 292,91;191 896 292,91;Consumer Discretionary;B0X7DZ3;US1696561059;New York Stock Exchange Inc.
PCAR;PACCAR INC;Equity;0,10;73,17;2 601 161,00;190 326 950,37;190 326 950,37;Industrials;2665861;US6937181088;NASDAQ
PEG;PUBLIC SERVICE ENTERPRISE GROUP IN;Equity;0,10;49,71;3 818 265,00;189 805 953,15;189 805 953,15;Utilities;2707677;US7445731067;New York Stock Exchange Inc.
IQV;IQVIA HOLDINGS INC;Equity;0,10;138,82;1 364 298,00;189 391 848,36;189 391 848,36;Health Care;BDR73G1;US46266C1053;New York Stock Exchange Inc.
F;FORD MOTOR CO;Equity;0,10;6,46;29 242 307,00;188 905 303,22;188 905 303,22;Consumer Discretionary;2615468;US3453708600;New York Stock Exchange Inc.
CDNS;CADENCE DESIGN SYSTEMS INC;Equity;0,10;89,46;2 110 536,00;188 808 550,56;188 808 550,56;Information Technology;2302232;US1273871087;NASDAQ
MAR;MARRIOTT INTERNATIONAL INC CLASS A;Equity;0,10;92,26;2 041 148,00;188 316 314,48;188 316 314,48;Consumer Discretionary;2210614;US5719032022;NASDAQ
ED;CONSOLIDATED EDISON INC;Equity;0,10;75,38;2 491 549,00;187 812 963,62;187 812 963,62;Utilities;2216850;US2091151041;New York Stock Exchange Inc.
ALXN;ALEXION PHARMACEUTICALS INC;Equity;0,10;109,30;1 670 931,00;182 632 758,30;182 632 758,30;Health Care;2036070;US0153511094;NASDAQ
MSI;MOTOROLA SOLUTIONS INC;Equity;0,10;140,60;1 294 022,00;181 939 493,20;181 939 493,20;Information Technology;B5BKPQ4;US6200763075;New York Stock Exchange Inc.
WLTW;WILLIS TOWERS WATSON PLC;Equity;0,09;186,77;968 466,00;180 880 394,82;180 880 394,82;Financials;BDB6Q21;IE00BDB6Q211;NASDAQ
HPQ;HP INC;Equity;0,09;16,28;11 108 656,00;180 848 919,68;180 848 919,68;Information Technology;BYX4D52;US40434L1052;New York Stock Exchange Inc.
ROK;ROCKWELL AUTOMATION INC;Equity;0,09;208,19;867 641,00;180 634 179,79;180 634 179,79;Industrials;2754060;US7739031091;New York Stock Exchange Inc.
PPG;PPG INDUSTRIES INC;Equity;0,09;101,63;1 775 229,00;180 416 523,27;180 416 523,27;Materials;2698470;US6935061076;New York Stock Exchange Inc.
MCHP;MICROCHIP TECHNOLOGY INC;Equity;0,09;99,63;1 809 677,00;180 298 119,51;180 298 119,51;Information Technology;2592174;US5950171042;NASDAQ
MCK;MCKESSON CORP;Equity;0,09;148,25;1 215 381,00;180 180 233,25;180 180 233,25;Health Care;2378534;US58155Q1031;New York Stock Exchange Inc.
MPC;MARATHON PETROLEUM CORP;Equity;0,09;36,62;4 903 030,00;179 548 958,60;179 548 958,60;Energy;B3K3L40;US56585A1025;New York Stock Exchange Inc.
PAYX;PAYCHEX INC;Equity;0,09;73,76;2 391 431,00;176 391 950,56;176 391 950,56;Information Technology;2674458;US7043261079;NASDAQ
PH;PARKER-HANNIFIN CORP;Equity;0,09;180,16;972 466,00;175 199 474,56;175 199 474,56;Industrials;2671501;US7010941042;New York Stock Exchange Inc.
ANSS;ANSYS INC;Equity;0,09;270,27;646 288,00;174 672 257,76;174 672 257,76;Information Technology;2045623;US03662Q1058;NASDAQ
SPG;SIMON PROPERTY GROUP REIT INC;Equity;0,09;75,98;2 298 178,00;174 615 564,44;174 615 564,44;Real Estate;2812452;US8288061091;New York Stock Exchange Inc.
RMD;RESMED INC;Equity;0,09;160,69;1 081 506,00;173 787 199,14;173 787 199,14;Health Care;2732903;US7611521078;New York Stock Exchange Inc.
AWK;AMERICAN WATER WORKS INC;Equity;0,09;127,29;1 364 184,00;173 646 981,36;173 646 981,36;Utilities;B2R3PV1;US0304201033;New York Stock Exchange Inc.
FAST;FASTENAL;Equity;0,09;40,06;4 330 204,00;173 467 972,24;173 467 972,24;Industrials;2332262;US3119001044;NASDAQ
STT;STATE STREET CORP;Equity;0,09;63,12;2 745 554,00;173 299 368,48;173 299 368,48;Financials;2842040;US8574771031;New York Stock Exchange Inc.
AVB;AVALONBAY COMMUNITIES REIT INC;Equity;0,09;163,75;1 054 109,00;172 610 348,75;172 610 348,75;Real Estate;2131179;US0534841012;New York Stock Exchange Inc.
XLNX;XILINX INC;Equity;0,09;90,70;1 886 856,00;171 137 839,20;171 137 839,20;Information Technology;2985677;US9839191015;NASDAQ
OTIS;OTIS WORLDWIDE CORP;Equity;0,09;56,04;3 049 501,00;170 894 036,04;170 894 036,04;Industrials;BK531S8;US68902V1070;New York Stock Exchange Inc.
BLL;BALL CORP;Equity;0,09;68,33;2 470 091,00;168 781 318,03;168 781 318,03;Materials;2073022;US0584981064;New York Stock Exchange Inc.
FLT;FLEETCOR TECHNOLOGIES INC;Equity;0,09;258,99;651 327,00;168 687 179,73;168 687 179,73;Information Technology;B4R28B3;US3390411052;New York Stock Exchange Inc.
CTAS;CINTAS CORP;Equity;0,09;266,20;633 102,00;168 531 752,40;168 531 752,40;Industrials;2197137;US1729081059;NASDAQ
WELL;WELLTOWER INC;Equity;0,09;55,24;3 046 903,00;168 310 921,72;168 310 921,72;Real Estate;BYVYHH4;US95040Q1040;New York Stock Exchange Inc.
TDG;TRANSDIGM GROUP INC;Equity;0,09;447,39;376 051,00;168 241 456,89;168 241 456,89;Industrials;B11FJK3;US8936411003;New York Stock Exchange Inc.
EQR;EQUITY RESIDENTIAL REIT;Equity;0,09;63,57;2 637 975,00;167 696 070,75;167 696 070,75;Real Estate;2319157;US29476L1070;New York Stock Exchange Inc.
WMB;WILLIAMS INC;Equity;0,09;18,23;9 105 221,00;165 988 178,83;165 988 178,83;Energy;2967181;US9694571004;New York Stock Exchange Inc.
ADM;ARCHER DANIELS MIDLAND;Equity;0,09;39,43;4 187 203,00;165 101 414,29;165 101 414,29;Consumer Staples;2047317;US0394831020;New York Stock Exchange Inc.
FE;FIRSTENERGY CORP;Equity;0,09;40,43;4 083 827,00;165 109 125,61;165 109 125,61;Utilities;2100920;US3379321074;New York Stock Exchange Inc.
HLT;HILTON WORLDWIDE HOLDINGS INC;Equity;0,09;77,45;2 130 584,00;165 013 730,80;165 013 730,80;Consumer Discretionary;BYVMW06;US43300A2033;New York Stock Exchange Inc.
SWKS;SKYWORKS SOLUTIONS INC;Equity;0,09;126,91;1 288 483,00;163 521 377,53;163 521 377,53;Information Technology;2961053;US83088M1027;NASDAQ
TT;TRANE TECHNOLOGIES PLC;Equity;0,09;90,39;1 802 294,00;162 909 354,66;162 909 354,66;Industrials;BK9ZQ96;IE00BK9ZQ967;New York Stock Exchange Inc.
VRSN;VERISIGN INC;Equity;0,08;204,17;780 803,00;159 416 548,51;159 416 548,51;Information Technology;2142922;US92343E1029;NASDAQ
CERN;CERNER CORP;Equity;0,08;66,96;2 371 679,00;158 807 625,84;158 807 625,84;Health Care;2185284;US1567821046;NASDAQ
GLW;CORNING INC;Equity;0,08;26,93;5 799 838,00;156 189 637,34;156 189 637,34;Information Technology;2224701;US2193501051;New York Stock Exchange Inc.
DLTR;DOLLAR TREE INC;Equity;0,08;87,77;1 779 298,00;156 168 985,46;156 168 985,46;Consumer Discretionary;2272476;US2567461080;NASDAQ
EIX;EDISON INTERNATIONAL;Equity;0,08;57,57;2 708 001,00;155 899 617,57;155 899 617,57;Utilities;2829515;US2810201077;New York Stock Exchange Inc.
O;REALTY INCOME REIT CORP;Equity;0,08;60,43;2 577 792,00;155 775 970,56;155 775 970,56;Real Estate;2724193;US7561091049;New York Stock Exchange Inc.
CTVA;CORTEVA INC;Equity;0,08;27,54;5 649 724,00;155 593 398,96;155 593 398,96;Materials;BK73B42;US22052L1044;New York Stock Exchange Inc.
MKC;MCCORMICK & CO NON-VOTING INC;Equity;0,08;166,54;925 616,00;154 152 088,64;154 152 088,64;Consumer Staples;2550161;US5797802064;New York Stock Exchange Inc.
PPL;PPL CORP;Equity;0,08;26,55;5 798 460,00;153 949 113,00;153 949 113,00;Utilities;2680905;US69351T1060;New York Stock Exchange Inc.
EFX;EQUIFAX INC;Equity;0,08;167,98;914 383,00;153 598 056,34;153 598 056,34;Industrials;2319146;US2944291051;New York Stock Exchange Inc.
DTE;DTE ENERGY;Equity;0,08;105,07;1 450 896,00;152 445 642,72;152 445 642,72;Utilities;2280220;US2333311072;New York Stock Exchange Inc.
VFC;VF CORP;Equity;0,08;61,25;2 480 043,00;151 902 633,75;151 902 633,75;Consumer Discretionary;2928683;US9182041080;New York Stock Exchange Inc.
SWK;STANLEY BLACK & DECKER INC;Equity;0,08;131,09;1 154 452,00;151 337 112,68;151 337 112,68;Industrials;B3Q2FJ4;US8545021011;New York Stock Exchange Inc.
AME;AMETEK INC;Equity;0,08;87,66;1 712 719,00;150 136 947,54;150 136 947,54;Industrials;2089212;US0311001004;New York Stock Exchange Inc.
KHC;KRAFT HEINZ;Equity;0,08;31,80;4 698 439,00;149 410 360,20;149 410 360,20;Consumer Staples;BYRY499;US5007541064;NASDAQ
ARE;ALEXANDRIA REAL ESTATE EQUITIES RE;Equity;0,08;159,27;925 914,00;147 470 322,78;147 470 322,78;Real Estate;2009210;US0152711091;New York Stock Exchange Inc.
APTV;APTIV PLC;Equity;0,08;75,66;1 909 964,00;144 507 876,24;144 507 876,24;Consumer Discretionary;B783TY6;JE00B783TY65;New York Stock Exchange Inc.
HSY;HERSHEY FOODS;Equity;0,08;129,11;1 115 524,00;144 025 303,64;144 025 303,64;Consumer Staples;2422806;US4278661081;New York Stock Exchange Inc.
ETR;ENTERGY CORP;Equity;0,08;96,42;1 490 485,00;143 712 563,70;143 712 563,70;Utilities;2317087;US29364G1031;New York Stock Exchange Inc.
LUV;SOUTHWEST AIRLINES;Equity;0,07;35,87;3 962 443,00;142 132 830,41;142 132 830,41;Industrials;2831543;US8447411088;New York Stock Exchange Inc.
MKTX;MARKETAXESS HOLDINGS INC;Equity;0,07;492,79;287 499,00;141 676 632,21;141 676 632,21;Financials;B03Q9D0;US57060D1081;NASDAQ
FTV;FORTIVE CORP;Equity;0,07;63,65;2 215 921,00;141 043 371,65;141 043 371,65;Industrials;BYT3MK1;US34959J1088;New York Stock Exchange Inc.
MTD;METTLER TOLEDO INC;Equity;0,07;764,42;184 367,00;140 933 822,14;140 933 822,14;Health Care;2126249;US5926881054;New York Stock Exchange Inc.
AMP;AMERIPRISE FINANCE INC;Equity;0,07;146,64;956 565,00;140 270 691,60;140 270 691,60;Financials;B0J7D57;US03076C1062;New York Stock Exchange Inc.
FTNT;FORTINET INC;Equity;0,07;130,34;1 067 732,00;139 168 188,88;139 168 188,88;Information Technology;B5B2106;US34959E1091;NASDAQ
TSN;TYSON FOODS INC CLASS A;Equity;0,07;62,20;2 220 248,00;138 099 425,60;138 099 425,60;Consumer Staples;2909730;US9024941034;New York Stock Exchange Inc.
DHI;D R HORTON INC;Equity;0,07;54,00;2 543 525,00;137 350 350,00;137 350 350,00;Consumer Discretionary;2250687;US23331A1097;New York Stock Exchange Inc.
ALGN;ALIGN TECHNOLOGY INC;Equity;0,07;251,40;541 494,00;136 131 591,60;136 131 591,60;Health Care;2679204;US0162551016;NASDAQ
KEYS;KEYSIGHT TECHNOLOGIES INC;Equity;0,07;95,67;1 416 473,00;135 513 971,91;135 513 971,91;Information Technology;BQZJ0Q9;US49338L1035;New York Stock Exchange Inc.
CHD;CHURCH AND DWIGHT INC;Equity;0,07;73,08;1 853 517,00;135 455 022,36;135 455 022,36;Consumer Staples;2195841;US1713401024;New York Stock Exchange Inc.
FRC;FIRST REPUBLIC BANK;Equity;0,07;106,70;1 267 542,00;135 246 731,40;135 246 731,40;Financials;B4WHY15;US33616C1009;New York Stock Exchange Inc.
AJG;ARTHUR J GALLAGHER;Equity;0,07;95,32;1 411 976,00;134 589 552,32;134 589 552,32;Financials;2359506;US3635761097;New York Stock Exchange Inc.
BBY;BEST BUY INC;Equity;0,07;77,76;1 719 450,00;133 704 432,00;133 704 432,00;Consumer Discretionary;2094670;US0865161014;New York Stock Exchange Inc.
NTRS;NORTHERN TRUST CORP;Equity;0,07;83,61;1 597 071,00;133 531 106,31;133 531 106,31;Financials;2648668;US6658591044;NASDAQ
AEE;AMEREN CORP;Equity;0,07;71,75;1 855 780,00;133 152 215,00;133 152 215,00;Utilities;2050832;US0236081024;New York Stock Exchange Inc.
CARR;CARRIER GLOBAL CORP;Equity;0,07;21,54;6 099 112,00;131 374 872,48;131 374 872,48;Industrials;BK4N0D7;US14448C1045;New York Stock Exchange Inc.
CPRT;COPART INC;Equity;0,07;85,04;1 544 850,00;131 374 044,00;131 374 044,00;Industrials;2208073;US2172041061;NASDAQ
DAL;DELTA AIR LINES INC;Equity;0,07;30,43;4 316 639,00;131 355 324,77;131 355 324,77;Industrials;B1W9D46;US2473617023;New York Stock Exchange Inc.
RSG;REPUBLIC SERVICES INC;Equity;0,07;81,73;1 576 279,00;128 829 282,67;128 829 282,67;Industrials;2262530;US7607591002;New York Stock Exchange Inc.
LYB;LYONDELLBASELL INDUSTRIES NV CLASS;Equity;0,07;66,61;1 930 169,00;128 568 557,09;128 568 557,09;Materials;B3SPXZ3;NL0009434992;New York Stock Exchange Inc.
LVS;LAS VEGAS SANDS CORP;Equity;0,07;49,87;2 552 167,00;127 276 568,29;127 276 568,29;Consumer Discretionary;B02T2J7;US5178341070;New York Stock Exchange Inc.
DFS;DISCOVER FINANCIAL SERVICES;Equity;0,07;52,99;2 366 973,00;125 425 899,27;125 425 899,27;Financials;B1YLC43;US2547091080;New York Stock Exchange Inc.
OXY;OCCIDENTAL PETROLEUM CORP;Equity;0,07;18,50;6 754 526,00;124 958 731,00;124 958 731,00;Energy;2655408;US6745991058;New York Stock Exchange Inc.
CMS;CMS ENERGY CORP;Equity;0,07;58,30;2 142 985,00;124 936 025,50;124 936 025,50;Utilities;2219224;US1258961002;New York Stock Exchange Inc.
LEN;LENNAR A CORP;Equity;0,07;59,25;2 107 264,00;124 855 392,00;124 855 392,00;Consumer Discretionary;2511920;US5260571048;New York Stock Exchange Inc.
ESS;ESSEX PROPERTY TRUST REIT INC;Equity;0,07;249,68;499 052,00;124 603 303,36;124 603 303,36;Real Estate;2316619;US2971781057;New York Stock Exchange Inc.
INCY;INCYTE CORP;Equity;0,06;92,07;1 347 974,00;124 107 966,18;124 107 966,18;Health Care;2471950;US45337C1027;NASDAQ
CDW;CDW CORP;Equity;0,06;114,10;1 084 496,00;123 740 993,60;123 740 993,60;Information Technology;BBM5MD6;US12514G1085;NASDAQ
LH;LABORATORY CORPORATION OF AMERICA;Equity;0,06;167,73;735 554,00;123 374 472,42;123 374 472,42;Health Care;2586122;US50540R4092;New York Stock Exchange Inc.
WY;WEYERHAEUSER REIT;Equity;0,06;21,76;5 654 546,00;123 042 920,96;123 042 920,96;Real Estate;2958936;US9621661043;New York Stock Exchange Inc.
TFX;TELEFLEX INC;Equity;0,06;352,25;349 127,00;122 979 985,75;122 979 985,75;Health Care;2881407;US8793691069;New York Stock Exchange Inc.
PXD;PIONEER NATURAL RESOURCE;Equity;0,06;98,23;1 248 439,00;122 634 162,97;122 634 162,97;Energy;2690830;US7237871071;New York Stock Exchange Inc.
CTXS;CITRIX SYSTEMS INC;Equity;0,06;140,74;868 809,00;122 276 178,66;122 276 178,66;Information Technology;2182553;US1773761002;NASDAQ
AKAM;AKAMAI TECHNOLOGIES INC;Equity;0,06;100,34;1 208 197,00;121 230 486,98;121 230 486,98;Information Technology;2507457;US00971T1016;NASDAQ
AMCR;AMCOR PLC;Equity;0,06;9,81;12 230 974,00;119 985 854,94;119 985 854,94;Materials;BJ1F307;JE00BJ1F3079;New York Stock Exchange Inc.
CBRE;CBRE GROUP INC CLASS A;Equity;0,06;47,57;2 506 887,00;119 252 614,59;119 252 614,59;Real Estate;B6WVMH3;US12504L1098;New York Stock Exchange Inc.
K;KELLOGG;Equity;0,06;63,59;1 864 925,00;118 590 580,75;118 590 580,75;Consumer Staples;2486813;US4878361082;New York Stock Exchange Inc.
CAG;CONAGRA BRANDS INC;Equity;0,06;32,41;3 640 310,00;117 982 447,10;117 982 447,10;Consumer Staples;2215460;US2058871029;New York Stock Exchange Inc.
MXIM;MAXIM INTEGRATED PRODUCTS INC;Equity;0,06;57,15;2 048 030,00;117 044 914,50;117 044 914,50;Information Technology;2573760;US57772K1016;NASDAQ
CAH;CARDINAL HEALTH INC;Equity;0,06;52,89;2 208 450,00;116 804 920,50;116 804 920,50;Health Care;2175672;US14149Y1082;New York Stock Exchange Inc.
FCX;FREEPORT MCMORAN INC;Equity;0,06;10,49;10 956 253,00;114 931 093,97;114 931 093,97;Materials;2352118;US35671D8570;New York Stock Exchange Inc.
TTWO;TAKE TWO INTERACTIVE SOFTWARE INC;Equity;0,06;134,00;854 763,00;114 538 242,00;114 538 242,00;Communication;2122117;US8740541094;NASDAQ
ODFL;OLD DOMINION FREIGHT LINE INC;Equity;0,06;157,88;723 319,00;114 197 603,72;114 197 603,72;Industrials;2656423;US6795801009;NASDAQ
DGX;QUEST DIAGNOSTICS INC;Equity;0,06;110,60;1 017 310,00;112 514 486,00;112 514 486,00;Health Care;2702791;US74834L1008;New York Stock Exchange Inc.
KMX;CARMAX INC;Equity;0,06;89,98;1 248 446,00;112 335 171,08;112 335 171,08;Consumer Discretionary;2983563;US1431301027;New York Stock Exchange Inc.
PAYC;PAYCOM SOFTWARE INC;Equity;0,06;302,80;370 021,00;112 042 358,80;112 042 358,80;Information Technology;BL95MY0;US70432V1026;New York Stock Exchange Inc.
VMC;VULCAN MATERIALS;Equity;0,06;112,09;998 957,00;111 973 090,13;111 973 090,13;Materials;2931205;US9291601097;New York Stock Exchange Inc.
WST;WEST PHARMACEUTICAL SERVICES INC;Equity;0,06;200,73;555 988,00;111 603 471,24;111 603 471,24;Health Care;2950482;US9553061055;New York Stock Exchange Inc.
FITB;FIFTH THIRD BANCORP;Equity;0,06;20,81;5 358 349,00;111 480 450,94;111 480 450,94;Financials;2336747;US3167731005;NASDAQ
VTR;VENTAS REIT INC;Equity;0,06;39,41;2 826 599,00;111 396 266,59;111 396 266,59;Real Estate;2927925;US92276F1003;New York Stock Exchange Inc.
DPZ;DOMINOS PIZZA INC;Equity;0,06;378,15;291 377,00;110 184 212,55;110 184 212,55;Consumer Discretionary;B01SD70;US25754A2015;New York Stock Exchange Inc.
KSU;KANSAS CITY SOUTHERN;Equity;0,06;147,27;746 560,00;109 945 891,20;109 945 891,20;Industrials;2607647;US4851703029;New York Stock Exchange Inc.
HIG;HARTFORD FINANCIAL SERVICES GROUP;Equity;0,06;40,03;2 713 076,00;108 604 432,28;108 604 432,28;Financials;2476193;US4165151048;New York Stock Exchange Inc.
MTB;M&T BANK CORP;Equity;0,06;108,96;990 647,00;107 940 897,12;107 940 897,12;Financials;2340168;US55261F1049;New York Stock Exchange Inc.
COO;COOPER INC;Equity;0,06;288,40;371 840,00;107 238 656,00;107 238 656,00;Health Care;2222631;US2166484020;New York Stock Exchange Inc.
ABC;AMERISOURCEBERGEN CORP;Equity;0,06;94,87;1 126 274,00;106 849 614,38;106 849 614,38;Health Care;2795393;US03073E1055;New York Stock Exchange Inc.
OKE;ONEOK INC;Equity;0,06;34,09;3 117 290,00;106 268 416,10;106 268 416,10;Energy;2130109;US6826801036;New York Stock Exchange Inc.
ZBRA;ZEBRA TECHNOLOGIES CORP CLASS A;Equity;0,06;258,33;408 909,00;105 633 461,97;105 633 461,97;Information Technology;2989356;US9892071054;NASDAQ
BXP;BOSTON PROPERTIES REIT INC;Equity;0,06;96,54;1 090 640,00;105 290 385,60;105 290 385,60;Real Estate;2019479;US1011211018;New York Stock Exchange Inc.
BR;BROADRIDGE FINANCIAL SOLUTIONS INC;Equity;0,06;121,63;865 056,00;105 216 761,28;105 216 761,28;Information Technology;B1VP7R6;US11133T1034;New York Stock Exchange Inc.
DOV;DOVER CORP;Equity;0,05;96,61;1 087 355,00;105 049 366,55;105 049 366,55;Industrials;2278407;US2600031080;New York Stock Exchange Inc.
TSCO;TRACTOR SUPPLY;Equity;0,05;118,45;883 201,00;104 615 158,45;104 615 158,45;Consumer Discretionary;2900335;US8923561067;NASDAQ
EVRG;EVERGY INC;Equity;0,05;60,08;1 720 700,00;103 379 656,00;103 379 656,00;Utilities;BFMXGR0;US30034W1062;New York Stock Exchange Inc.
IP;INTERNATIONAL PAPER;Equity;0,05;34,92;2 940 308,00;102 675 555,36;102 675 555,36;Materials;2465254;US4601461035;New York Stock Exchange Inc.
MAA;MID AMERICA APARTMENT COMMUNITIES;Equity;0,05;119,08;861 039,00;102 532 524,12;102 532 524,12;Real Estate;2589132;US59522J1034;New York Stock Exchange Inc.
IFF;INTERNATIONAL FLAVORS & FRAGRANCES;Equity;0,05;126,85;805 003,00;102 114 630,55;102 114 630,55;Materials;2464165;US4595061015;New York Stock Exchange Inc.
PEAK;HEALTHPEAK PROPERTIES INC;Equity;0,05;27,48;3 700 695,00;101 695 098,60;101 695 098,60;Real Estate;BJBLRK3;US42250P1030;New York Stock Exchange Inc.
SYF;SYNCHRONY FINANCIAL;Equity;0,05;23,77;4 262 512,00;101 319 910,24;101 319 910,24;Financials;BP96PS6;US87165B1035;New York Stock Exchange Inc.
HOLX;HOLOGIC INC;Equity;0,05;50,15;2 009 034,00;100 753 055,10;100 753 055,10;Health Care;2433530;US4364401012;NASDAQ
NDAQ;NASDAQ INC;Equity;0,05;115,15;871 992,00;100 409 878,80;100 409 878,80;Financials;2965107;US6311031081;NASDAQ
GWW;WW GRAINGER INC;Equity;0,05;303,75;328 959,00;99 921 296,25;99 921 296,25;Industrials;2380863;US3848021040;New York Stock Exchange Inc.
GRMN;GARMIN LTD;Equity;0,05;91,67;1 088 962,00;99 825 146,54;99 825 146,54;Consumer Discretionary;B3Z5T14;CH0114405324;NASDAQ
JKHY;JACK HENRY AND ASSOCIATES INC;Equity;0,05;172,25;576 070,00;99 228 057,50;99 228 057,50;Information Technology;2469193;US4262811015;NASDAQ
HPE;HEWLETT PACKARD ENTERPRISE;Equity;0,05;10,15;9 736 584,00;98 826 327,60;98 826 327,60;Information Technology;BYVYWS0;US42824C1099;New York Stock Exchange Inc.
LDOS;LEIDOS HOLDINGS INC;Equity;0,05;98,91;997 398,00;98 652 636,18;98 652 636,18;Information Technology;BDV82B8;US5253271028;New York Stock Exchange Inc.
KEY;KEYCORP;Equity;0,05;13,22;7 419 745,00;98 089 028,90;98 089 028,90;Financials;2490911;US4932671088;New York Stock Exchange Inc.
MAS;MASCO CORP;Equity;0,05;45,79;2 136 382,00;97 824 931,78;97 824 931,78;Industrials;2570200;US5745991068;New York Stock Exchange Inc.
ULTA;ULTA BEAUTY INC;Equity;0,05;226,63;431 596,00;97 812 601,48;97 812 601,48;Consumer Discretionary;B28TS42;US90384S3031;NASDAQ
STE;STERIS;Equity;0,05;151,82;642 925,00;97 608 873,50;97 608 873,50;Health Care;BFY8C75;IE00BFY8C754;New York Stock Exchange Inc.
DRE;DUKE REALTY REIT CORP;Equity;0,05;35,35;2 747 642,00;97 129 144,70;97 129 144,70;Real Estate;2284084;US2644115055;New York Stock Exchange Inc.
TIF;TIFFANY;Equity;0,05;119,12;815 196,00;97 106 147,52;97 106 147,52;Consumer Discretionary;2892090;US8865471085;New York Stock Exchange Inc.
HRL;HORMEL FOODS CORP;Equity;0,05;46,67;2 079 239,00;97 038 084,13;97 038 084,13;Consumer Staples;2437264;US4404521001;New York Stock Exchange Inc.
HES;HESS CORP;Equity;0,05;49,61;1 954 171,00;96 946 423,31;96 946 423,31;Energy;2023748;US42809H1077;New York Stock Exchange Inc.
WDC;WESTERN DIGITAL CORP;Equity;0,05;42,95;2 245 950,00;96 463 552,50;96 463 552,50;Information Technology;2954699;US9581021055;NASDAQ
QRVO;QORVO INC;Equity;0,05;108,90;880 385,00;95 873 926,50;95 873 926,50;Information Technology;BR9YYP4;US74736K1016;NASDAQ
EXPD;EXPEDITORS INTERNATIONAL OF WASHIN;Equity;0,05;73,57;1 293 175,00;95 138 884,75;95 138 884,75;Industrials;2325507;US3021301094;NASDAQ
NUE;NUCOR CORP;Equity;0,05;41,20;2 307 619,00;95 073 902,80;95 073 902,80;Materials;2651086;US6703461052;New York Stock Exchange Inc.
FMC;FMC CORP;Equity;0,05;97,34;974 895,00;94 896 279,30;94 896 279,30;Materials;2328603;US3024913036;New York Stock Exchange Inc.
EXR;EXTRA SPACE STORAGE REIT INC;Equity;0,05;96,71;978 076,00;94 589 729,96;94 589 729,96;Real Estate;B02HWR9;US30225T1025;New York Stock Exchange Inc.
MLM;MARTIN MARIETTA MATERIALS INC;Equity;0,05;197,05;471 495,00;92 908 089,75;92 908 089,75;Materials;2572079;US5732841060;New York Stock Exchange Inc.
GPC;GENUINE PARTS;Equity;0,05;85,59;1 082 298,00;92 633 885,82;92 633 885,82;Consumer Discretionary;2367480;US3724601055;New York Stock Exchange Inc.
VIAC;VIACOMCBS INC CLASS B;Equity;0,05;22,90;4 034 706,00;92 394 767,40;92 394 767,40;Communication;BKTNTR9;US92556H2067;NASDAQ
ANET;ARISTA NETWORKS INC;Equity;0,05;222,78;411 270,00;91 622 730,60;91 622 730,60;Information Technology;BN33VM5;US0404131064;New York Stock Exchange Inc.
WAT;WATER CORP;Equity;0,05;185,56;486 501,00;90 275 125,56;90 275 125,56;Health Care;2937689;US9418481035;New York Stock Exchange Inc.
ATO;ATMOS ENERGY CORP;Equity;0,05;100,43;897 646,00;90 150 587,78;90 150 587,78;Utilities;2315359;US0495601058;New York Stock Exchange Inc.
SJM;JM SMUCKER;Equity;0,05;104,70;860 884,00;90 134 554,80;90 134 554,80;Consumer Staples;2951452;US8326964058;New York Stock Exchange Inc.
BFB;BROWN FORMAN CORP CLASS B;Equity;0,05;65,25;1 377 934,00;89 910 193,50;89 910 193,50;Consumer Staples;2146838;US1156372096;New York Stock Exchange Inc.
OMC;OMNICOM GROUP INC;Equity;0,05;55,03;1 628 972,00;89 642 329,16;89 642 329,16;Communication;2279303;US6819191064;New York Stock Exchange Inc.
STX;SEAGATE TECHNOLOGY PLC;Equity;0,05;50,61;1 745 541,00;88 341 830,01;88 341 830,01;Information Technology;B58JVZ5;IE00B58JVZ52;NASDAQ
LNT;ALLIANT ENERGY CORP;Equity;0,05;48,55;1 818 683,00;88 297 059,65;88 297 059,65;Utilities;2973821;US0188021085;NASDAQ
CXO;CONCHO RESOURCES INC;Equity;0,05;58,00;1 518 027,00;88 045 566,00;88 045 566,00;Energy;B1YWRK7;US20605P1012;New York Stock Exchange Inc.
EXPE;EXPEDIA GROUP INC;Equity;0,05;82,52;1 061 662,00;87 608 348,24;87 608 348,24;Consumer Discretionary;B748CK2;US30212P3038;NASDAQ
XYL;XYLEM INC;Equity;0,05;64,16;1 359 480,00;87 224 236,80;87 224 236,80;Industrials;B3P2CN8;US98419M1009;New York Stock Exchange Inc.
IEX;IDEX CORP;Equity;0,05;152,59;569 710,00;86 932 048,90;86 932 048,90;Industrials;2456612;US45167R1041;New York Stock Exchange Inc.
RF;REGIONS FINANCIAL CORP;Equity;0,05;11,90;7 283 385,00;86 672 281,50;86 672 281,50;Financials;B01R311;US7591EP1005;New York Stock Exchange Inc.
NLOK;NORTONLIFELOCK INC;Equity;0,05;19,85;4 360 636,00;86 558 624,60;86 558 624,60;Information Technology;BJN4XN5;US6687711084;NASDAQ
UDR;UDR REIT INC;Equity;0,05;39,09;2 208 806,00;86 342 226,54;86 342 226,54;Real Estate;2727910;US9026531049;New York Stock Exchange Inc.
HAL;HALLIBURTON;Equity;0,04;12,78;6 681 605,00;85 390 911,90;85 390 911,90;Energy;2405302;US4062161017;New York Stock Exchange Inc.
CFG;CITIZENS FINANCIAL GROUP INC;Equity;0,04;25,82;3 282 256,00;84 747 849,92;84 747 849,92;Financials;BQRX1X3;US1746101054;New York Stock Exchange Inc.
NVR;NVR INC;Equity;0,04;3 175,37;26 473,00;84 061 570,01;84 061 570,01;Consumer Discretionary;2637785;US62944T1051;New York Stock Exchange Inc.
CBOE;CBOE GLOBAL MARKETS INC;Equity;0,04;99,90;830 555,00;82 972 444,50;82 972 444,50;Financials;B5834C5;US12503M1080;Cboe BZX formerly known as BATS
PFG;PRINCIPAL FINANCIAL GROUP INC;Equity;0,04;41,88;1 973 320,00;82 642 641,60;82 642 641,60;Financials;2803014;US74251V1026;NASDAQ
WAB;WESTINGHOUSE AIR BRAKE TECHNOLOGIE;Equity;0,04;60,89;1 355 309,00;82 524 765,01;82 524 765,01;Industrials;2955733;US9297401088;New York Stock Exchange Inc.
ABMD;ABIOMED INC;Equity;0,04;241,68;340 954,00;82 401 762,72;82 401 762,72;Health Care;2003698;US0036541003;NASDAQ
J;JACOBS ENGINEERING GROUP INC;Equity;0,04;80,49;1 021 409,00;82 213 210,41;82 213 210,41;Industrials;2469052;US4698141078;New York Stock Exchange Inc.
ETFC;E TRADE FINANCIAL CORP;Equity;0,04;47,68;1 713 201,00;81 685 423,68;81 685 423,68;Financials;2299011;US2692464017;NASDAQ
IR;INGERSOLL RAND INC;Equity;0,04;31,22;2 614 126,00;81 613 013,72;81 613 013,72;Industrials;BL5GZ82;US45687V1061;New York Stock Exchange Inc.
URI;UNITED RENTALS INC;Equity;0,04;143,49;563 808,00;80 900 809,92;80 900 809,92;Industrials;2134781;US9113631090;New York Stock Exchange Inc.
CE;CELANESE CORP;Equity;0,04;88,52;912 642,00;80 787 069,84;80 787 069,84;Materials;B05MZT4;US1508701034;New York Stock Exchange Inc.
PKI;PERKINELMER INC;Equity;0,04;97,14;827 410,00;80 374 607,40;80 374 607,40;Health Care;2305844;US7140461093;New York Stock Exchange Inc.
SIVB;SVB FINANCIAL GROUP;Equity;0,04;208,53;384 924,00;80 268 201,72;80 268 201,72;Financials;2808053;US78486Q1013;NASDAQ
IT;GARTNER INC;Equity;0,04;118,73;670 236,00;79 577 120,28;79 577 120,28;Information Technology;2372763;US3666511072;New York Stock Exchange Inc.
CHRW;CH ROBINSON WORLDWIDE INC;Equity;0,04;77,73;1 021 406,00;79 393 888,38;79 393 888,38;Industrials;2116228;US12541W2098;NASDAQ
RCL;ROYAL CARIBBEAN CRUISES LTD;Equity;0,04;61,18;1 297 307,00;79 369 242,26;79 369 242,26;Consumer Discretionary;2754907;LR0008862868;New York Stock Exchange Inc.
VAR;VARIAN MEDICAL SYSTEMS INC;Equity;0,04;115,29;685 349,00;79 013 886,21;79 013 886,21;Health Care;2927516;US92220P1057;New York Stock Exchange Inc.
BKR;BAKER HUGHES CLASS A;Equity;0,04;15,94;4 939 506,00;78 735 725,64;78 735 725,64;Energy;BDHLTQ5;US05722G1004;New York Stock Exchange Inc.
HBAN;HUNTINGTON BANCSHARES INC;Equity;0,04;9,88;7 690 072,00;76 016 361,72;76 016 361,72;Financials;2445966;US4461501045;NASDAQ
FOXA;FOX CORP CLASS A;Equity;0,04;28,29;2 666 757,00;75 442 555,53;75 442 555,53;Communication;BJJMGL2;US35137L1052;NASDAQ
DRI;DARDEN RESTAURANTS INC;Equity;0,04;75,94;981 088,00;74 503 822,72;74 503 822,72;Consumer Discretionary;2289874;US2371941053;New York Stock Exchange Inc.
UAL;UNITED AIRLINES HOLDINGS INC;Equity;0,04;39,66;1 875 049,00;74 364 443,34;74 364 443,34;Industrials;B4QG225;US9100471096;NASDAQ
MGM;MGM RESORTS INTERNATIONAL;Equity;0,04;19,17;3 874 490,00;74 273 973,30;74 273 973,30;Consumer Discretionary;2547419;US5529531015;New York Stock Exchange Inc.
CTL;CENTURYLINK INC;Equity;0,04;10,08;7 296 872,00;73 552 469,76;73 552 469,76;Communication;2185046;US1567001060;New York Stock Exchange Inc.
NTAP;NETAPP INC;Equity;0,04;42,46;1 723 120,00;73 163 675,20;73 163 675,20;Information Technology;2630643;US64110D1046;NASDAQ
JBHT;JB HUNT TRANSPORT SERVICES INC;Equity;0,04;114,10;639 390,00;72 954 399,00;72 954 399,00;Industrials;2445416;US4456581077;NASDAQ
EMN;EASTMAN CHEMICAL;Equity;0,04;69,63;1 036 112,00;72 144 478,56;72 144 478,56;Materials;2298386;US2774321002;New York Stock Exchange Inc.
AVY;AVERY DENNISON CORP;Equity;0,04;113,50;635 497,00;72 128 909,50;72 128 909,50;Materials;2066408;US0536111091;New York Stock Exchange Inc.
HAS;HASBRO INC;Equity;0,04;74,30;970 328,00;72 095 370,40;72 095 370,40;Consumer Discretionary;2414580;US4180561072;NASDAQ
WU;WESTERN UNION;Equity;0,04;22,52;3 190 398,00;71 847 762,96;71 847 762,96;Information Technology;B1F76F9;US9598021098;New York Stock Exchange Inc.
ALLE;ALLEGION PLC;Equity;0,04;102,41;700 597,00;71 748 138,77;71 748 138,77;Industrials;BFRT3W7;IE00BFRT3W74;New York Stock Exchange Inc.
XRAY;DENTSPLY SIRONA INC;Equity;0,04;43,38;1 653 212,00;71 716 336,56;71 716 336,56;Health Care;BYNPPC6;US24906P1093;NASDAQ
AAP;ADVANCE AUTO PARTS INC;Equity;0,04;135,73;522 934,00;70 977 831,82;70 977 831,82;Consumer Discretionary;2822019;US00751Y1064;New York Stock Exchange Inc.
LW;LAMB WESTON HOLDINGS INC;Equity;0,04;64,97;1 090 366,00;70 841 079,02;70 841 079,02;Consumer Staples;BDQZFJ3;US5132721045;New York Stock Exchange Inc.
PKG;PACKAGING CORP OF AMERICA;Equity;0,04;98,92;708 598,00;70 094 514,16;70 094 514,16;Materials;2504566;US6951561090;New York Stock Exchange Inc.
CCL;CARNIVAL CORP;Equity;0,04;19,98;3 502 658,00;69 983 106,84;69 983 106,84;Consumer Discretionary;2523044;PA1436583006;New York Stock Exchange Inc.
CINF;CINCINNATI FINANCIAL CORP;Equity;0,04;61,03;1 133 801,00;69 195 875,03;69 195 875,03;Financials;2196888;US1720621010;NASDAQ
CNP;CENTERPOINT ENERGY INC;Equity;0,04;18,00;3 829 845,00;68 937 210,00;68 937 210,00;Utilities;2440637;US15189T1079;New York Stock Exchange Inc.
HST;HOST HOTELS & RESORTS REIT INC;Equity;0,04;12,64;5 336 090,00;67 448 177,60;67 448 177,60;Real Estate;2567503;US44107P1049;New York Stock Exchange Inc.
WYNN;WYNN RESORTS LTD;Equity;0,04;92,31;728 828,00;67 274 468,54;67 274 468,54;Consumer Discretionary;2963811;US9831341071;NASDAQ
RJF;RAYMOND JAMES INC;Equity;0,03;71,60;930 138,00;66 597 880,80;66 597 880,80;Financials;2718992;US7547301090;New York Stock Exchange Inc.
RE;EVEREST RE GROUP LTD;Equity;0,03;214,95;307 654,00;66 130 227,30;66 130 227,30;Financials;2556868;BMG3223R1088;New York Stock Exchange Inc.
NI;NISOURCE INC;Equity;0,03;23,26;2 821 004,00;65 616 553,04;65 616 553,04;Utilities;2645409;US65473P1057;New York Stock Exchange Inc.
PHM;PULTEGROUP INC;Equity;0,03;33,89;1 924 191,00;65 210 832,99;65 210 832,99;Consumer Discretionary;2708841;US7458671010;New York Stock Exchange Inc.
FFIV;F5 NETWORKS INC;Equity;0,03;140,32;462 852,00;64 947 392,64;64 947 392,64;Information Technology;2427599;US3156161024;NASDAQ
NRG;NRG ENERGY INC;Equity;0,03;33,68;1 913 627,00;64 450 957,36;64 450 957,36;Utilities;2212922;US6293775085;New York Stock Exchange Inc.
PNW;PINNACLE WEST CORP;Equity;0,03;75,60;848 873,00;64 174 798,80;64 174 798,80;Utilities;2048804;US7234841010;New York Stock Exchange Inc.
L;LOEWS CORP;Equity;0,03;33,02;1 931 388,00;63 774 431,76;63 774 431,76;Financials;2523022;US5404241086;New York Stock Exchange Inc.
AES;AES CORP;Equity;0,03;12,67;5 012 980,00;63 514 456,60;63 514 456,60;Utilities;2002479;US00130H1059;New York Stock Exchange Inc.
WRB;WR BERKLEY CORP;Equity;0,03;57,02;1 093 663,00;62 360 664,26;62 360 664,26;Financials;2093644;US0844231029;New York Stock Exchange Inc.
COG;CABOT OIL & GAS CORP;Equity;0,03;20,07;3 095 116,00;62 118 978,12;62 118 978,12;Energy;2162340;US1270971039;New York Stock Exchange Inc.
DISH;DISH NETWORK CORP CLASS A;Equity;0,03;32,70;1 896 316,00;62 009 533,20;62 009 533,20;Communication;2303581;US25470M1099;NASDAQ
HSIC;HENRY SCHEIN INC;Equity;0,03;56,63;1 094 952,00;62 007 131,76;62 007 131,76;Health Care;2416962;US8064071025;NASDAQ
ALB;ALBEMARLE CORP;Equity;0,03;77,32;800 736,00;61 912 907,52;61 912 907,52;Materials;2046853;US0126531013;New York Stock Exchange Inc.
FBHS;FORTUNE BRANDS HOME AND SECURITY I;Equity;0,03;58,40;1 056 439,00;61 696 037,60;61 696 037,60;Industrials;B3MC7D6;US34964C1062;New York Stock Exchange Inc.
MYL;MYLAN NV;Equity;0,03;15,94;3 857 046,00;61 481 313,24;61 481 313,24;Health Care;BVFMFG8;NL0011031208;NASDAQ
REG;REGENCY CENTERS REIT CORP;Equity;0,03;47,89;1 265 288,00;60 594 642,32;60 594 642,32;Real Estate;2726177;US7588491032;NASDAQ
JNPR;JUNIPER NETWORKS INC;Equity;0,03;23,89;2 522 973,00;60 273 824,97;60 273 824,97;Information Technology;2431846;US48203R1041;New York Stock Exchange Inc.
LNC;LINCOLN NATIONAL CORP;Equity;0,03;40,68;1 478 707,00;60 153 800,76;60 153 800,76;Financials;2516378;US5341871094;New York Stock Exchange Inc.
CPB;CAMPBELL SOUP;Equity;0,03;47,07;1 275 528,00;60 039 102,96;60 039 102,96;Consumer Staples;2162845;US1344291091;New York Stock Exchange Inc.
IRM;IRON MOUNTAIN INC;Equity;0,03;27,82;2 133 736,00;59 360 535,52;59 360 535,52;Real Estate;BVFTF03;US46284V1017;New York Stock Exchange Inc.
WHR;WHIRLPOOL CORP;Equity;0,03;122,10;483 562,00;59 042 920,20;59 042 920,20;Consumer Discretionary;2960384;US9633201069;New York Stock Exchange Inc.
LKQ;LKQ CORP;Equity;0,03;25,89;2 272 489,00;58 823 377,77;58 823 377,77;Consumer Discretionary;2971029;US5018892084;NASDAQ
UBFUT;CASH COLLATERAL USD UBFUT;Cash Collateral and Margins;0,03;100,00;58 316 800,00;58 316 800,00;58 316 800,00;Cash and/or Derivatives;--;--;--
TXT;TEXTRON INC;Equity;0,03;34,15;1 689 424,00;57 693 829,60;57 693 829,60;Industrials;2885937;US8832031012;New York Stock Exchange Inc.
GL;GLOBE LIFE INC;Equity;0,03;75,90;758 537,00;57 572 958,30;57 572 958,30;Financials;BK6YKG1;US37959E1029;New York Stock Exchange Inc.
UHS;UNIVERSAL HEALTH SERVICES INC CLAS;Equity;0,03;95,58;602 144,00;57 552 923,52;57 552 923,52;Health Care;2923785;US9139031002;New York Stock Exchange Inc.
FANG;DIAMONDBACK ENERGY INC;Equity;0,03;46,96;1 214 054,00;57 011 975,84;57 011 975,84;Energy;B7Y8YR3;US25278X1090;NASDAQ
SNA;SNAP ON INC;Equity;0,03;135,01;413 357,00;55 807 328,57;55 807 328,57;Industrials;2818740;US8330341012;New York Stock Exchange Inc.
WRK;WESTROCK;Equity;0,03;28,21;1 971 377,00;55 612 545,17;55 612 545,17;Materials;BYR0914;US96145D1054;New York Stock Exchange Inc.
HII;HUNTINGTON INGALLS INDUSTRIES INC;Equity;0,03;182,29;304 686,00;55 541 210,94;55 541 210,94;Industrials;B40SSC9;US4464131063;New York Stock Exchange Inc.
TAP;MOLSON COORS BREWING CLASS B;Equity;0,03;38,05;1 405 044,00;53 461 924,20;53 461 924,20;Consumer Staples;B067BM3;US60871R2094;New York Stock Exchange Inc.
DVA;DAVITA INC;Equity;0,03;78,25;680 958,00;53 284 963,50;53 284 963,50;Health Care;2898087;US23918K1088;New York Stock Exchange Inc.
PRGO;PERRIGO PLC;Equity;0,03;51,49;1 023 751,00;52 712 938,99;52 712 938,99;Health Care;BGH1M56;IE00BGH1M568;New York Stock Exchange Inc.
LYV;LIVE NATION ENTERTAINMENT INC;Equity;0,03;49,12;1 068 597,00;52 489 484,64;52 489 484,64;Communication;B0T7YX2;US5380341090;New York Stock Exchange Inc.
BWA;BORGWARNER INC;Equity;0,03;33,55;1 559 483,00;52 320 654,65;52 320 654,65;Consumer Discretionary;2111955;US0997241064;New York Stock Exchange Inc.
IPG;INTERPUBLIC GROUP OF COMPANIES INC;Equity;0,03;17,28;2 949 877,00;50 973 874,56;50 973 874,56;Communication;2466321;US4606901001;New York Stock Exchange Inc.
DISCK;DISCOVERY INC SERIES C;Equity;0,03;19,70;2 532 460,00;49 889 462,00;49 889 462,00;Communication;B3D7KG4;US25470F3029;NASDAQ
AOS;A O SMITH CORP;Equity;0,03;46,95;1 039 040,00;48 782 928,00;48 782 928,00;Industrials;2816023;US8318652091;New York Stock Exchange Inc.
AAL;AMERICAN AIRLINES GROUP INC;Equity;0,03;16,74;2 886 719,00;48 323 676,06;48 323 676,06;Industrials;BCV7KT2;US02376R1023;NASDAQ
AIZ;ASSURANT INC;Equity;0,03;107,03;450 375,00;48 203 636,25;48 203 636,25;Financials;2331430;US04621X1081;New York Stock Exchange Inc.
FRT;FEDERAL REALTY INVESTMENT TRUST RE;Equity;0,03;90,47;528 828,00;47 843 069,16;47 843 069,16;Real Estate;2333931;US3137472060;New York Stock Exchange Inc.
CF;CF INDUSTRIES HOLDINGS INC;Equity;0,02;29,40;1 617 212,00;47 546 032,80;47 546 032,80;Materials;B0G4K50;US1252691001;New York Stock Exchange Inc.
VNO;VORNADO REALTY TRUST REIT;Equity;0,02;40,17;1 176 038,00;47 241 446,46;47 241 446,46;Real Estate;2933632;US9290421091;New York Stock Exchange Inc.
BEN;FRANKLIN RESOURCES INC;Equity;0,02;21,79;2 137 016,00;46 565 578,64;46 565 578,64;Financials;2350684;US3546131018;New York Stock Exchange Inc.
PNR;PENTAIR;Equity;0,02;37,50;1 241 331,00;46 549 912,50;46 549 912,50;Industrials;BLS09M3;IE00BLS09M33;New York Stock Exchange Inc.
RHI;ROBERT HALF;Equity;0,02;51,29;899 451,00;46 132 841,79;46 132 841,79;Industrials;2110703;US7703231032;New York Stock Exchange Inc.
AIV;APARTMENT INVESTMENT AND MANAGEMEN;Equity;0,02;39,43;1 143 595,00;45 091 950,85;45 091 950,85;Real Estate;BJLNBG3;US03748R7540;New York Stock Exchange Inc.
ZION;ZIONS BANCORPORATION;Equity;0,02;34,88;1 287 054,00;44 892 443,52;44 892 443,52;Financials;2989828;US9897011071;NASDAQ
ROL;ROLLINS INC;Equity;0,02;41,41;1 071 477,00;44 369 862,57;44 369 862,57;Industrials;2747305;US7757111049;New York Stock Exchange Inc.
NWL;NEWELL BRANDS INC;Equity;0,02;15,30;2 873 770,00;43 968 681,00;43 968 681,00;Consumer Discretionary;2635701;US6512291062;NASDAQ
KIM;KIMCO REALTY REIT CORP;Equity;0,02;13,76;3 125 461,00;43 006 343,36;43 006 343,36;Real Estate;2491594;US49446R1095;New York Stock Exchange Inc.
MHK;MOHAWK INDUSTRIES INC;Equity;0,02;97,74;439 572,00;42 963 767,28;42 963 767,28;Consumer Discretionary;2598699;US6081901042;New York Stock Exchange Inc.
CMA;COMERICA INC;Equity;0,02;39,14;1 088 384,00;42 599 349,76;42 599 349,76;Financials;2212870;US2003401070;New York Stock Exchange Inc.
IPGP;IPG PHOTONICS CORP;Equity;0,02;156,14;264 585,00;41 312 301,90;41 312 301,90;Information Technology;2698782;US44980X1090;NASDAQ
FLIR;FLIR SYSTEMS INC;Equity;0,02;41,26;997 299,00;41 148 556,74;41 148 556,74;Information Technology;2344717;US3024451011;NASDAQ
PBCT;PEOPLES UNITED FINANCIAL INC;Equity;0,02;12,20;3 349 368,00;40 862 289,60;40 862 289,60;Financials;B1W41J2;US7127041058;NASDAQ
PWR;QUANTA SERVICES INC;Equity;0,02;37,05;1 098 219,00;40 689 013,95;40 689 013,95;Industrials;2150204;US74762E1029;New York Stock Exchange Inc.
NLSN;NIELSEN HOLDINGS PLC;Equity;0,02;15,12;2 681 845,00;40 549 496,40;40 549 496,40;Industrials;BWFY550;GB00BWFY5505;New York Stock Exchange Inc.
MRO;MARATHON OIL CORP;Equity;0,02;6,58;6 138 109,00;40 388 757,22;40 388 757,22;Energy;2910970;US5658491064;New York Stock Exchange Inc.
HWM;HOWMET AEROSPACE INC;Equity;0,02;14,00;2 845 242,00;39 833 388,00;39 833 388,00;Industrials;BKLJ8V2;US4432011082;New York Stock Exchange Inc.
APA;APACHE CORP;Equity;0,02;13,77;2 839 779,00;39 103 756,83;39 103 756,83;Energy;2043962;US0374111054;NASDAQ
NCLH;NORWEGIAN CRUISE LINE HOLDINGS LTD;Equity;0,02;20,50;1 873 713,00;38 411 116,50;38 411 116,50;Consumer Discretionary;B9CGTC3;BMG667211046;New York Stock Exchange Inc.
NOV;NATIONAL OILWELL VARCO INC;Equity;0,02;12,77;2 974 593,00;37 985 552,61;37 985 552,61;Energy;2624486;US6370711011;New York Stock Exchange Inc.
NBL;NOBLE ENERGY INC;Equity;0,02;10,25;3 655 063,00;37 464 395,75;37 464 395,75;Energy;2640761;US6550441058;NASDAQ
DVN;DEVON ENERGY CORP;Equity;0,02;12,80;2 921 764,00;37 398 579,20;37 398 579,20;Energy;2480677;US25179M1036;New York Stock Exchange Inc.
SEE;SEALED AIR CORP;Equity;0,02;30,58;1 193 942,00;36 510 746,36;36 510 746,36;Materials;2232793;US81211K1007;New York Stock Exchange Inc.
NWSA;NEWS CORP CLASS A;Equity;0,02;11,72;2 980 957,00;34 936 816,04;34 936 816,04;Communication;BBGVT40;US65249B1098;NASDAQ
HFC;HOLLYFRONTIER CORP;Equity;0,02;31,38;1 108 227,00;34 776 163,26;34 776 163,26;Energy;B5VX1H6;US4361061082;New York Stock Exchange Inc.
ALK;ALASKA AIR GROUP INC;Equity;0,02;38,47;901 839,00;34 693 746,33;34 693 746,33;Industrials;2012605;US0116591092;New York Stock Exchange Inc.
MOS;MOSAIC;Equity;0,02;13,28;2 569 207,00;34 119 068,96;34 119 068,96;Materials;B3NPHP6;US61945C1036;New York Stock Exchange Inc.
LEG;LEGGETT & PLATT INC;Equity;0,02;32,82;1 015 731,00;33 336 291,42;33 336 291,42;Consumer Discretionary;2510682;US5246601075;New York Stock Exchange Inc.
HBI;HANESBRANDS INC;Equity;0,02;11,72;2 799 170,00;32 806 272,40;32 806 272,40;Consumer Discretionary;B1BJSL9;US4103451021;New York Stock Exchange Inc.
FOX;FOX CORP CLASS B;Equity;0,02;27,95;1 172 281,00;32 765 253,95;32 765 253,95;Communication;BJJMGY5;US35137L2043;NASDAQ
SLG;SL GREEN REALTY REIT CORP;Equity;0,02;52,20;606 599,00;31 664 467,80;31 664 467,80;Real Estate;2096847;US78440X1019;New York Stock Exchange Inc.
DXC;DXC TECHNOLOGY;Equity;0,02;16,27;1 914 183,00;31 143 757,41;31 143 757,41;Information Technology;BYXD7B3;US23355L1061;New York Stock Exchange Inc.
TPR;TAPESTRY INC;Equity;0,02;14,48;2 049 603,00;29 678 251,44;29 678 251,44;Consumer Discretionary;BF09HX3;US8760301072;New York Stock Exchange Inc.
HOG;HARLEY DAVIDSON INC;Equity;0,02;25,08;1 160 426,00;29 103 484,08;29 103 484,08;Consumer Discretionary;2411053;US4128221086;New York Stock Exchange Inc.
IVZ;INVESCO LTD;Equity;0,02;10,34;2 779 098,00;28 735 873,32;28 735 873,32;Financials;B28XP76;BMG491BT1088;New York Stock Exchange Inc.
PVH;PVH CORP;Equity;0,01;49,61;569 835,00;28 269 514,35;28 269 514,35;Consumer Discretionary;B3V9F12;US6936561009;New York Stock Exchange Inc.
RL;RALPH LAUREN CORP CLASS A;Equity;0,01;74,77;375 509,00;28 076 807,93;28 076 807,93;Consumer Discretionary;B4V9661;US7512121010;New York Stock Exchange Inc.
FLS;FLOWSERVE CORP;Equity;0,01;28,00;988 306,00;27 672 568,00;27 672 568,00;Industrials;2288406;US34354P1057;New York Stock Exchange Inc.
LB;L BRANDS INC;Equity;0,01;15,65;1 753 838,00;27 447 564,70;27 447 564,70;Consumer Discretionary;B9M2WX3;US5017971046;New York Stock Exchange Inc.
KSS;KOHLS CORP;Equity;0,01;23,22;1 167 389,00;27 106 772,58;27 106 772,58;Consumer Discretionary;2496113;US5002551043;New York Stock Exchange Inc.
HRB;H&R BLOCK INC;Equity;0,01;17,87;1 438 903,00;25 713 196,61;25 713 196,61;Consumer Discretionary;2105505;US0936711052;New York Stock Exchange Inc.
DISCA;DISCOVERY INC SERIES A;Equity;0,01;22,07;1 159 443,00;25 588 907,01;25 588 907,01;Communication;B3D7K31;US25470F1049;NASDAQ
UNM;UNUM;Equity;0,01;17,08;1 496 809,00;25 565 497,72;25 565 497,72;Financials;2433842;US91529Y1064;New York Stock Exchange Inc.
FTI;TECHNIPFMC PLC;Equity;0,01;7,95;3 085 429,00;24 529 160,55;24 529 160,55;Energy;BDSFG98;GB00BDSFG982;New York Stock Exchange Inc.
XRX;XEROX HOLDINGS CORP;Equity;0,01;17,06;1 374 649,00;23 451 511,94;23 451 511,94;Information Technology;BJJD5G3;US98421M1062;New York Stock Exchange Inc.
GPS;GAP INC;Equity;0,01;10,54;1 505 179,00;15 864 586,66;15 864 586,66;Consumer Discretionary;2360326;US3647601083;New York Stock Exchange Inc.
ADS;ALLIANCE DATA SYSTEMS CORP;Equity;0,01;52,09;294 884,00;15 360 507,56;15 360 507,56;Information Technology;2762030;US0185811082;New York Stock Exchange Inc.
JWN;NORDSTROM INC;Equity;0,01;17,63;807 127,00;14 229 649,01;14 229 649,01;Consumer Discretionary;2641827;US6556641008;New York Stock Exchange Inc.
UAA;UNDER ARMOUR INC CLASS A;Equity;0,01;9,70;1 464 555,00;14 206 183,50;14 206 183,50;Consumer Discretionary;B0PZN11;US9043111072;New York Stock Exchange Inc.
UA;UNDER ARMOUR INC CLASS C;Equity;0,01;8,68;1 513 749,00;13 139 341,32;13 139 341,32;Consumer Discretionary;BDF9YM2;US9043112062;New York Stock Exchange Inc.
NWS;NEWS CORP CLASS B;Equity;0,01;11,75;993 841,00;11 677 631,75;11 677 631,75;Communication;BBGVT51;US65249B2088;NASDAQ
COTY;COTY INC CLASS A;Equity;0,01;4,87;2 065 040,00;10 056 744,80;10 056 744,80;Consumer Staples;BBBSMJ2;US2220702037;New York Stock Exchange Inc.
ESM0;S&P500 EMINI JUN 20;Futures;0,00;3 034,80;4 818,00;0,00;731 083 320,00;Cash and/or Derivatives;--;--;Index And Options Market
